,Date,Open,High,Low,Close,Volume
0,2012-01-02,75.0,75.4,74.7,75.0,14945.219
1,2012-01-03,75.5,75.9,75.2,75.7,21223.64
2,2012-01-04,76.1,76.1,75.5,75.8,34126.472
3,2012-01-05,76.0,76.0,75.3,76.0,28076.67
4,2012-01-06,75.9,75.9,74.9,75.6,30123.118
5,2012-01-09,75.2,75.6,74.6,75.6,27655.856
6,2012-01-10,76.0,76.5,75.8,76.5,62064.369
7,2012-01-11,76.8,77.0,76.1,76.5,44295.291
8,2012-01-12,76.7,77.1,76.5,77.0,55520.616
9,2012-01-13,77.2,78.0,77.0,77.5,57757.708
10,2012-01-16,76.1,76.9,74.6,75.3,37711.367
11,2012-01-17,75.9,75.9,74.9,75.6,43995.131
12,2012-01-18,75.9,76.7,75.6,76.7,57181.592
13,2012-01-30,78.0,79.5,77.2,78.7,147548.01
14,2012-01-31,78.1,78.5,76.3,78.5,87917.01
15,2012-02-01,77.5,77.7,76.7,77.0,47222.153
16,2012-02-02,77.5,77.5,76.1,76.8,54065.648
17,2012-02-03,76.3,76.4,75.6,76.2,49361.665
18,2012-02-04,76.4,76.7,76.0,76.5,22960.601
19,2012-02-06,77.3,77.5,76.6,77.4,47596.035
20,2012-02-07,77.5,77.5,76.8,77.4,30008.591
21,2012-02-08,77.5,77.5,76.9,77.5,35600.596
22,2012-02-09,77.0,78.0,76.5,78.0,70988.148
23,2012-02-10,78.0,78.0,76.7,76.9,47270.213
24,2012-02-13,76.4,77.1,76.2,76.6,36415.47
25,2012-02-14,77.1,77.4,76.2,77.3,42110.292
26,2012-02-15,77.6,78.5,77.6,78.5,71500.425
27,2012-02-16,78.5,78.9,78.0,78.5,59907.015
28,2012-02-17,79.5,81.1,79.4,80.0,78979.635
29,2012-02-20,80.6,80.8,79.7,80.0,31810.729
30,2012-02-21,80.0,80.0,79.3,80.0,28138.01
31,2012-02-22,79.9,80.0,79.0,79.7,41142.793
32,2012-02-23,79.0,79.4,77.7,78.1,59975.057
33,2012-02-24,77.5,79.1,77.2,79.1,41026.074
34,2012-02-29,80.2,81.1,79.4,81.1,78339.188
35,2012-03-01,81.0,81.0,80.1,80.1,21239.827
36,2012-03-02,80.0,80.1,79.2,80.0,23912.512
37,2012-03-03,79.1,79.6,79.1,79.3,7341.542
38,2012-03-05,78.7,79.6,78.5,78.9,22825.263
39,2012-03-06,79.6,79.6,78.3,79.5,27779.665
40,2012-03-07,79.0,79.3,78.7,79.1,30335.373
41,2012-03-08,79.8,80.2,79.2,79.7,36967.094
42,2012-03-09,79.5,80.0,78.8,80.0,22731.319
43,2012-03-12,80.2,80.5,79.6,80.0,28952.164
44,2012-03-13,80.6,81.3,80.1,81.3,48137.168
45,2012-03-14,82.4,83.2,82.0,83.2,63309.967
46,2012-03-15,83.2,83.2,82.5,83.2,30609.333
47,2012-03-16,83.2,83.8,81.1,81.1,29210.462
48,2012-03-19,83.7,84.2,82.4,83.7,37508.089
49,2012-03-20,84.0,84.1,82.8,83.2,30105.892
50,2012-03-21,84.8,85.2,83.8,84.9,76183.506
51,2012-03-22,85.0,85.7,84.3,85.2,38057.031
52,2012-03-23,85.0,85.4,84.4,85.4,29495.296
53,2012-03-26,85.1,85.1,82.5,83.6,59940.923
54,2012-03-27,85.0,85.8,84.3,85.8,38560.309
55,2012-03-28,86.5,86.5,84.6,85.5,28304.065
56,2012-03-29,84.5,84.5,83.4,84.1,49939.887
57,2012-03-30,83.7,84.9,82.9,84.9,43825.171
58,2012-04-02,84.8,85.2,84.0,85.1,23685.785
59,2012-04-03,85.0,85.0,83.8,85.0,31283.31
60,2012-04-05,83.3,84.0,83.1,83.1,47674.092
61,2012-04-06,84.0,84.0,83.1,83.8,34112.593
62,2012-04-09,82.0,83.6,82.0,83.0,23247.382
63,2012-04-10,83.1,83.5,81.8,82.0,33387.462
64,2012-04-11,82.0,83.5,81.7,82.4,40770.099
65,2012-04-12,82.5,82.7,81.5,82.6,39454.847
66,2012-04-13,83.4,85.0,82.7,84.9,44743.187
67,2012-04-16,84.6,85.0,83.8,84.9,19776.331
68,2012-04-17,84.9,84.9,83.4,83.8,29502.643
69,2012-04-18,85.0,85.0,84.4,85.0,32818.738
70,2012-04-19,84.5,85.8,84.3,85.8,31617.591
71,2012-04-20,85.0,85.7,84.1,84.3,29213.382
72,2012-04-23,84.2,84.6,83.4,84.3,20351.923
73,2012-04-24,83.8,84.6,83.6,84.6,33319.546
74,2012-04-25,84.9,84.9,83.9,84.2,49611.004
75,2012-04-26,84.2,84.2,83.5,84.0,21066.491
76,2012-04-27,87.0,89.8,86.0,86.0,118848.912
77,2012-04-30,86.3,87.4,85.7,86.8,47647.085
78,2012-05-02,87.0,88.9,86.8,88.4,48249.908
79,2012-05-03,88.4,89.0,87.9,88.9,27728.263
80,2012-05-04,86.7,88.0,86.7,87.6,37719.753
81,2012-05-07,86.5,86.5,85.0,85.6,47917.069
82,2012-05-08,86.0,86.0,84.4,84.4,45836.39
83,2012-05-09,83.9,85.2,83.5,84.6,41263.531
84,2012-05-10,85.0,85.7,84.3,85.3,28688.623
85,2012-05-11,85.7,85.7,84.5,85.5,33627.25
86,2012-05-14,84.8,85.5,84.8,85.4,14135.562
87,2012-05-15,85.4,85.7,84.1,85.5,30739.719
88,2012-05-16,84.2,84.5,83.4,83.4,65470.478
89,2012-05-17,84.8,85.1,84.1,85.1,33657.888
90,2012-05-18,83.9,83.9,81.8,81.8,57620.539
91,2012-05-21,81.0,82.8,81.0,82.5,32414.856
92,2012-05-22,82.7,82.9,82.2,82.2,33977.797
93,2012-05-23,81.0,81.2,79.0,79.1,63269.956
94,2012-05-24,78.9,80.6,78.1,80.6,40984.054
95,2012-05-25,79.8,80.5,79.2,80.0,28279.141
96,2012-05-28,80.0,81.7,79.8,81.6,30137.23
97,2012-05-29,82.5,83.2,82.0,82.3,41171.871
98,2012-05-30,81.6,82.0,80.3,81.7,75751.835
99,2012-05-31,80.5,85.1,79.7,85.1,89332.423
100,2012-06-01,81.7,81.7,79.9,79.9,66924.957
101,2012-06-04,76.5,77.1,76.1,76.5,66008.677
102,2012-06-05,77.5,78.2,77.2,78.2,37616.524
103,2012-06-06,78.2,78.6,77.5,77.8,33715.255
104,2012-06-07,79.4,79.8,78.6,79.8,47699.974
105,2012-06-08,77.0,78.7,77.0,77.9,35987.916
106,2012-06-11,79.9,80.5,79.6,80.4,40596.219
107,2012-06-12,78.5,79.8,78.5,79.4,38319.0
108,2012-06-13,80.8,80.8,79.5,80.0,32284.438
109,2012-06-14,80.0,80.2,79.1,79.2,31161.642
110,2012-06-15,79.2,79.5,78.1,78.1,89900.246
111,2012-06-18,80.0,81.0,80.0,80.8,33737.589
112,2012-06-19,80.9,80.9,80.0,80.5,28910.805
113,2012-06-20,81.3,81.6,80.5,81.6,35326.1
114,2012-06-21,80.5,81.0,80.3,80.6,27063.632
115,2012-06-22,80.0,81.0,79.9,80.1,31117.704
116,2012-06-25,80.8,80.8,79.1,79.6,40786.634
117,2012-06-26,79.0,79.1,78.3,78.7,42391.395
118,2012-06-27,78.3,79.5,78.2,79.3,32770.862
119,2012-06-28,80.0,80.3,79.5,79.9,33113.977
120,2012-06-29,79.6,81.3,79.3,81.3,50919.122
121,2012-07-02,81.5,83.7,81.5,83.3,64377.033
122,2012-07-03,83.6,84.9,83.4,84.2,60850.415
123,2012-07-04,82.1,82.1,81.2,81.2,44220.683
124,2012-07-05,82.0,82.0,80.7,81.0,28556.444
125,2012-07-06,81.0,81.0,80.1,80.9,38187.671
126,2012-07-09,79.9,80.3,79.6,80.0,45060.759
127,2012-07-10,79.4,79.9,78.6,79.1,37141.829
128,2012-07-11,78.1,78.3,77.4,78.1,59419.785
129,2012-07-12,77.5,77.5,75.7,75.7,69235.096
130,2012-07-13,74.9,76.0,74.5,75.8,52310.641
131,2012-07-16,76.3,76.3,75.5,75.5,41994.534
132,2012-07-17,74.5,75.2,74.5,74.8,51879.713
133,2012-07-18,75.0,75.3,74.8,74.8,38710.559
134,2012-07-19,76.8,78.0,76.8,77.5,62113.192
135,2012-07-20,76.4,77.0,76.2,76.7,49932.861
136,2012-07-23,75.1,75.1,73.8,74.3,57536.45
137,2012-07-24,74.3,74.8,74.2,74.8,39973.144
138,2012-07-25,75.0,75.2,74.4,74.6,72480.832
139,2012-07-26,75.7,76.7,75.2,76.3,47155.795
140,2012-07-27,77.9,79.4,77.2,79.3,73460.029
141,2012-07-30,80.0,80.4,78.8,79.0,51381.522
142,2012-07-31,78.5,81.0,78.5,81.0,68248.506
143,2012-08-01,80.1,80.5,79.4,80.0,43525.027
144,2012-08-03,79.5,80.1,79.2,79.8,47301.469
145,2012-08-06,80.9,81.5,80.7,80.9,58469.961
146,2012-08-07,81.3,81.4,80.7,81.4,40186.9
147,2012-08-08,81.9,81.9,80.1,80.5,40138.071
148,2012-08-09,81.3,82.3,81.3,82.3,54299.876
149,2012-08-10,82.3,82.4,81.2,82.0,30075.236
150,2012-08-13,83.8,83.8,82.5,82.7,30295.284
151,2012-08-14,83.0,83.8,82.8,83.2,33337.141
152,2012-08-15,83.7,83.7,82.5,83.0,27500.957
153,2012-08-16,83.0,83.4,82.5,82.9,28242.616
154,2012-08-17,83.0,83.2,82.0,82.0,30136.41
155,2012-08-20,82.7,82.7,81.9,82.4,26037.426
156,2012-08-21,82.7,83.9,82.7,83.6,36886.31
157,2012-08-22,83.1,83.4,81.9,82.4,33635.298
158,2012-08-23,82.4,82.8,82.2,82.7,22367.001
159,2012-08-24,82.3,82.3,81.7,82.0,25494.308
160,2012-08-27,82.9,83.5,82.4,83.0,25735.159
161,2012-08-28,82.3,83.4,82.0,82.4,32428.911
162,2012-08-29,82.6,83.0,82.1,82.7,18467.775
163,2012-08-30,82.3,83.2,82.3,82.7,46031.832
164,2012-08-31,82.4,83.3,82.4,83.3,13536.36
165,2012-09-03,83.5,83.9,82.8,83.9,20795.778
166,2012-09-04,84.0,84.0,83.5,84.0,21703.446
167,2012-09-05,83.0,83.3,81.9,82.0,43302.499
168,2012-09-06,82.8,82.8,81.0,81.1,25873.922
169,2012-09-07,83.0,83.9,82.8,83.8,44499.367
170,2012-09-10,83.3,83.6,83.2,83.5,23048.912
171,2012-09-11,84.2,84.7,84.0,84.4,31624.909
172,2012-09-12,84.5,84.9,84.5,84.5,37513.971
173,2012-09-13,84.5,85.0,84.5,85.0,29680.695
174,2012-09-14,85.6,86.5,85.5,86.5,52174.702
175,2012-09-17,86.9,87.0,85.8,86.5,26567.24
176,2012-09-18,86.5,86.5,85.4,85.7,35898.109
177,2012-09-19,85.9,86.4,85.1,86.0,43594.231
178,2012-09-20,86.0,86.0,85.1,85.3,26839.673
179,2012-09-21,86.0,86.5,85.3,85.7,51084.876
180,2012-09-24,85.7,86.4,85.1,86.1,30360.921
181,2012-09-25,85.8,86.2,85.7,85.9,35919.223
182,2012-09-26,85.4,86.4,85.0,86.4,36962.277
183,2012-09-27,86.8,87.8,86.2,87.6,55641.705
184,2012-09-28,88.6,89.8,88.5,89.8,70929.037
185,2012-10-01,89.2,89.2,88.3,88.9,38173.594
186,2012-10-02,89.2,89.8,88.9,89.6,35734.271
187,2012-10-03,89.6,89.9,89.3,89.8,32589.245
188,2012-10-04,89.9,90.6,89.5,90.6,39780.768
189,2012-10-05,91.0,91.3,90.4,91.0,42175.189
190,2012-10-08,91.0,91.0,89.0,89.1,40762.655
191,2012-10-09,87.2,88.5,87.1,87.1,61216.255
192,2012-10-11,85.1,85.7,84.8,85.5,77901.683
193,2012-10-12,85.6,86.3,85.3,86.3,24739.631
194,2012-10-15,86.1,86.4,85.4,86.4,19652.476
195,2012-10-16,86.7,87.5,86.7,87.5,29927.964
196,2012-10-17,87.8,88.0,86.5,87.4,35886.09
197,2012-10-18,87.0,88.2,87.0,88.1,23090.34
198,2012-10-19,86.2,87.3,86.2,86.7,27673.474
199,2012-10-22,86.3,86.3,85.6,86.0,21235.789
200,2012-10-23,85.9,86.3,85.6,85.7,16192.754
201,2012-10-24,85.1,86.4,85.1,85.4,30208.483
202,2012-10-25,85.4,85.6,84.5,84.8,39418.993
203,2012-10-26,86.5,88.3,86.3,87.3,68297.593
204,2012-10-29,88.3,89.1,87.6,88.1,37746.925
205,2012-10-30,88.8,89.0,87.7,88.0,30349.208
206,2012-10-31,88.0,88.8,87.9,88.7,26035.534
207,2012-11-01,88.6,89.2,87.7,89.2,36018.43
208,2012-11-02,90.0,90.1,89.5,89.9,39106.042
209,2012-11-05,89.9,90.3,88.8,90.3,31496.291
210,2012-11-06,90.6,90.6,89.7,90.4,26410.622
211,2012-11-07,90.5,91.0,90.0,91.0,22104.042
212,2012-11-08,90.8,90.9,89.9,90.5,39982.021
213,2012-11-09,90.3,90.9,89.5,90.8,38435.994
214,2012-11-12,91.0,91.8,90.6,91.3,29957.365
215,2012-11-13,91.0,91.0,89.3,90.3,41761.048
216,2012-11-14,90.0,90.9,89.5,90.5,31098.501
217,2012-11-15,89.9,90.6,89.0,90.2,25096.315
218,2012-11-16,89.2,90.3,89.2,90.2,33802.911
219,2012-11-19,89.7,90.5,89.7,90.0,24008.686
220,2012-11-20,90.0,90.4,89.8,90.4,21474.874
221,2012-11-21,90.3,90.9,89.2,90.5,30262.482
222,2012-11-22,90.3,91.3,90.3,91.3,20798.294
223,2012-11-23,91.6,95.5,91.5,95.5,64301.847
224,2012-11-26,95.5,95.6,94.9,95.3,40021.016
225,2012-11-27,94.6,96.3,94.3,96.3,50925.485
226,2012-11-28,95.8,96.1,95.3,95.9,63210.896
227,2012-11-29,96.0,97.3,95.5,96.5,56516.236
228,2012-11-30,96.0,98.8,95.9,98.7,76884.589
229,2012-12-03,98.3,98.6,96.8,97.9,44060.536
230,2012-12-04,96.9,97.2,95.3,96.6,43075.268
231,2012-12-05,94.6,97.1,94.6,96.9,60542.922
232,2012-12-06,96.6,96.9,96.1,96.6,33501.484
233,2012-12-07,97.1,98.5,97.1,98.1,37114.121
234,2012-12-10,97.9,98.0,96.5,96.5,30865.94
235,2012-12-11,97.3,98.3,96.7,98.3,40668.489
236,2012-12-12,98.3,98.5,97.2,98.4,42272.408
237,2012-12-13,98.3,99.4,97.9,99.2,45585.236
238,2012-12-14,98.2,98.6,97.5,98.4,34112.762
239,2012-12-17,96.4,97.7,96.2,97.0,46715.917
240,2012-12-18,95.0,96.7,95.0,96.7,35430.802
241,2012-12-19,96.7,97.3,96.2,97.3,27889.579
242,2012-12-20,96.1,96.9,95.1,96.0,35517.115
243,2012-12-21,95.1,96.5,94.6,94.8,34754.207
244,2012-12-22,95.7,96.2,95.0,95.7,8384.951
245,2012-12-24,96.0,96.4,95.1,95.2,17215.85
246,2012-12-25,96.0,97.3,95.6,96.5,16006.069
247,2012-12-26,96.5,97.3,96.0,96.0,12055.449
248,2012-12-27,96.2,96.7,95.5,95.6,24204.7
249,2012-12-28,96.8,97.0,95.9,97.0,25705.388
0,2013-01-02,97.6,99.9,97.1,99.6,40647.121
1,2013-01-03,100.5,102.0,100.0,101.0,44335.846
2,2013-01-04,100.5,101.5,100.0,101.5,39502.577
3,2013-01-07,101.0,101.0,99.1,100.5,42328.657
4,2013-01-08,99.6,100.0,98.9,99.7,31218.717
5,2013-01-09,100.5,100.5,99.2,100.0,26417.262
6,2013-01-10,99.9,101.0,99.5,101.0,41234.333
7,2013-01-11,101.5,101.5,100.5,101.0,22993.851
8,2013-01-14,101.0,102.0,100.0,102.0,23575.867
9,2013-01-15,102.0,102.0,99.8,100.5,36015.126
10,2013-01-16,100.5,100.5,99.2,99.2,35496.359
11,2013-01-17,100.5,101.0,98.5,99.3,40526.293
12,2013-01-18,101.5,101.5,100.5,101.5,49874.215
13,2013-01-21,101.0,101.0,100.0,100.5,17310.236
14,2013-01-22,101.0,101.0,99.9,101.0,21946.618
15,2013-01-23,101.5,101.5,100.0,101.0,30821.432
16,2013-01-24,100.0,100.5,99.2,99.9,40653.209
17,2013-01-25,99.9,99.9,98.0,99.0,48674.849
18,2013-01-28,98.7,99.5,98.6,99.3,29190.978
19,2013-01-29,100.0,101.5,99.7,101.0,36060.537
20,2013-01-30,102.0,102.0,100.5,101.5,28862.623
21,2013-01-31,100.5,101.5,100.0,101.5,42489.565
22,2013-02-01,101.5,101.5,100.5,101.5,23211.035
23,2013-02-04,102.0,103.0,102.0,103.0,35257.079
24,2013-02-05,103.0,103.0,101.5,103.0,17896.471
25,2013-02-06,103.5,105.0,103.0,105.0,32330.33
26,2013-02-18,107.0,108.5,106.5,107.0,64345.58
27,2013-02-19,108.5,108.5,106.5,107.0,22103.657
28,2013-02-20,108.5,109.5,108.0,109.0,41921.556
29,2013-02-21,108.5,108.5,107.0,107.0,30551.806
30,2013-02-22,106.0,106.5,105.0,105.5,39577.666
31,2013-02-23,106.5,107.5,106.0,107.0,10174.533
32,2013-02-25,106.5,107.0,105.0,105.0,37216.683
33,2013-02-26,103.5,105.0,102.5,103.5,38498.61
34,2013-02-27,102.0,104.5,101.0,104.5,81358.059
35,2013-03-01,103.0,105.0,102.5,105.0,35081.17
36,2013-03-04,104.5,104.5,101.5,102.0,55265.946
37,2013-03-05,103.5,104.0,102.5,104.0,56213.527
38,2013-03-06,104.0,104.5,103.0,104.0,38026.322
39,2013-03-07,103.5,104.0,103.0,103.0,20783.572
40,2013-03-08,103.0,104.5,102.0,103.5,46036.003
41,2013-03-11,102.0,104.0,102.0,102.0,36093.271
42,2013-03-12,102.0,103.0,101.5,102.5,30064.912
43,2013-03-13,102.5,105.0,102.0,104.5,57955.306
44,2013-03-14,104.0,104.5,103.0,104.0,33067.465
45,2013-03-15,105.0,105.0,103.0,103.0,35632.988
46,2013-03-18,102.0,102.0,100.5,100.5,44188.807
47,2013-03-19,101.0,101.5,99.6,100.0,50765.167
48,2013-03-20,99.5,99.5,98.8,98.8,64024.225
49,2013-03-21,98.8,100.5,98.7,98.7,58467.748
50,2013-03-22,98.6,99.1,98.0,98.0,44937.03
51,2013-03-25,99.9,100.5,99.2,99.5,25469.505
52,2013-03-26,99.2,99.4,98.8,99.0,27220.058
53,2013-03-27,99.0,100.5,98.8,100.5,29969.023
54,2013-03-28,100.0,100.5,99.3,100.0,29558.31
55,2013-03-29,100.0,101.0,99.8,100.5,19003.253
56,2013-04-01,101.0,102.0,100.5,101.0,16374.716
57,2013-04-02,100.5,101.0,99.8,100.5,22334.113
58,2013-04-03,101.5,101.5,100.0,100.5,27097.381
59,2013-04-08,99.0,99.5,98.5,98.5,58367.917
60,2013-04-09,98.0,98.5,97.5,97.5,41316.418
61,2013-04-10,98.8,98.8,97.7,98.3,36746.778
62,2013-04-11,99.0,101.5,98.8,101.5,57867.486
63,2013-04-12,101.5,101.5,100.0,100.5,19568.004
64,2013-04-15,100.5,101.0,99.1,99.4,23440.616
65,2013-04-16,98.2,101.0,98.2,100.5,35918.924
66,2013-04-17,101.5,101.5,99.7,100.0,35897.101
67,2013-04-18,100.0,101.0,99.4,99.9,33083.804
68,2013-04-19,105.5,106.5,105.5,106.5,66950.314
69,2013-04-22,108.5,109.5,107.5,108.5,72502.228
70,2013-04-23,106.5,107.5,105.5,106.0,46146.072
71,2013-04-24,106.5,107.0,104.5,106.0,35495.75
72,2013-04-25,106.0,107.0,105.5,107.0,26287.666
73,2013-04-26,107.0,109.0,107.0,108.5,36776.724
74,2013-04-29,108.5,108.5,107.5,108.0,21092.377
75,2013-04-30,108.5,109.5,108.5,109.5,34612.725
76,2013-05-02,110.0,111.0,109.0,110.5,38796.887
77,2013-05-03,111.5,112.5,110.0,110.0,36621.737
78,2013-05-06,111.5,111.5,110.5,111.5,19393.798
79,2013-05-07,112.0,113.0,111.0,112.5,22448.18
80,2013-05-08,112.5,115.0,112.5,114.5,42509.709
81,2013-05-09,116.0,116.0,114.5,115.0,27606.177
82,2013-05-10,115.0,115.0,113.5,114.5,27536.736
83,2013-05-13,115.0,115.5,114.0,114.5,18263.266
84,2013-05-14,115.5,116.5,115.0,115.5,27855.127
85,2013-05-15,115.0,116.0,113.5,115.0,29107.56
86,2013-05-16,115.0,116.0,113.0,113.5,45770.439
87,2013-05-17,112.0,113.5,111.5,113.5,19316.452
88,2013-05-20,112.5,114.0,112.5,114.0,16882.054
89,2013-05-21,113.0,113.5,112.0,112.5,17238.193
90,2013-05-22,112.5,113.5,111.0,112.0,34068.421
91,2013-05-23,110.5,111.5,108.0,108.0,46874.809
92,2013-05-24,109.5,110.5,108.5,109.5,26736.102
93,2013-05-27,109.5,112.0,109.5,112.0,19161.396
94,2013-05-28,112.0,112.5,109.5,109.5,22762.131
95,2013-05-29,110.5,112.0,110.5,111.0,16781.832
96,2013-05-30,111.0,111.5,109.5,110.0,36121.568
97,2013-05-31,111.5,111.5,109.0,109.5,37205.933
98,2013-06-03,108.0,108.5,106.5,107.5,35834.419
99,2013-06-04,109.0,110.0,107.5,109.0,27476.915
100,2013-06-05,109.5,110.5,108.5,109.5,25581.235
101,2013-06-06,108.5,109.5,107.0,107.5,34251.239
102,2013-06-07,108.0,109.5,108.0,108.5,33085.685
103,2013-06-10,110.0,110.0,108.0,108.5,21941.087
104,2013-06-11,110.0,110.0,108.0,108.0,37162.875
105,2013-06-13,106.0,107.0,104.0,104.5,61059.253
106,2013-06-14,105.0,106.0,104.5,106.0,41207.256
107,2013-06-17,105.5,106.0,105.0,106.0,23014.898
108,2013-06-18,105.0,106.5,104.5,106.5,31676.097
109,2013-06-19,106.0,106.5,105.0,105.5,22084.611
110,2013-06-20,105.0,105.5,103.5,104.0,29998.376
111,2013-06-21,102.0,103.5,101.5,103.5,39844.187
112,2013-06-24,102.5,102.5,100.0,101.0,54091.378
113,2013-06-25,101.0,103.0,101.0,101.0,33897.665
114,2013-06-26,103.0,104.0,101.5,101.5,55865.189
115,2013-06-27,103.0,105.0,103.0,104.5,46982.476
116,2013-06-28,106.0,111.0,105.0,111.0,74514.857
117,2013-07-01,109.0,109.5,108.0,108.0,51935.015
118,2013-07-02,109.0,110.0,108.5,110.0,44982.283
119,2013-07-03,107.0,107.0,105.5,107.0,44740.088
120,2013-07-04,106.5,107.0,106.0,107.0,24500.705
121,2013-07-05,107.5,109.5,107.0,109.0,28276.621
122,2013-07-08,107.0,108.0,104.5,105.0,32770.668
123,2013-07-09,104.5,106.5,103.5,106.0,35511.97
124,2013-07-10,104.5,107.0,104.5,106.0,22082.402
125,2013-07-11,107.5,109.5,107.5,109.5,56918.428
126,2013-07-12,109.5,110.0,108.5,110.0,31046.0
127,2013-07-15,108.5,109.5,108.0,109.5,33373.34
128,2013-07-16,108.5,109.0,107.0,108.0,35961.041
129,2013-07-17,108.0,109.0,107.0,109.0,40121.705
130,2013-07-18,107.5,108.0,105.5,105.5,53223.397
131,2013-07-19,99.4,99.7,98.2,98.2,123330.486
132,2013-07-22,98.0,98.4,96.9,97.0,88048.437
133,2013-07-23,98.5,101.5,98.5,100.0,85595.131
134,2013-07-24,100.5,103.0,100.0,102.0,58355.933
135,2013-07-25,102.0,103.5,101.0,102.5,37559.307
136,2013-07-26,103.0,103.0,101.0,102.5,31817.666
137,2013-07-29,100.0,101.5,100.0,100.0,38334.123
138,2013-07-30,100.5,102.5,100.5,102.0,33871.602
139,2013-07-31,101.5,103.0,101.0,102.5,36997.795
140,2013-08-01,102.0,102.0,100.0,100.5,32509.794
141,2013-08-02,102.5,103.0,100.0,100.5,28039.94
142,2013-08-05,100.0,101.5,99.9,100.5,23372.612
143,2013-08-06,100.5,100.5,98.6,98.8,42787.275
144,2013-08-07,98.5,98.5,97.0,97.0,45969.616
145,2013-08-08,96.0,97.1,95.3,96.4,55873.275
146,2013-08-09,100.0,100.0,96.4,96.4,47192.333
147,2013-08-12,96.4,96.7,95.6,96.0,33454.945
148,2013-08-13,96.0,97.4,96.0,97.2,34392.082
149,2013-08-14,96.0,97.3,95.8,96.8,44023.158
150,2013-08-15,96.4,96.4,95.3,96.0,42687.594
151,2013-08-16,95.4,97.5,95.2,96.5,37698.875
152,2013-08-19,95.5,96.1,95.3,95.5,52061.061
153,2013-08-20,95.2,95.4,94.4,94.4,42471.292
154,2013-08-22,93.0,94.9,92.9,94.5,60311.712
155,2013-08-23,95.7,97.3,95.5,97.0,44454.018
156,2013-08-26,97.6,97.6,96.1,96.8,18698.683
157,2013-08-27,96.0,96.8,95.6,95.6,24474.64
158,2013-08-28,95.6,97.3,95.1,96.8,35977.333
159,2013-08-29,96.9,98.9,96.9,98.7,52396.628
160,2013-08-30,99.6,100.5,98.8,100.5,38965.628
161,2013-09-02,100.0,102.0,99.6,102.0,30859.517
162,2013-09-03,103.0,103.0,101.5,102.0,33838.396
163,2013-09-04,100.5,101.5,100.0,100.5,25229.19
164,2013-09-05,100.5,101.5,100.0,101.5,35890.329
165,2013-09-06,102.0,102.0,101.0,102.0,25342.215
166,2013-09-09,102.5,103.0,101.0,103.0,33083.237
167,2013-09-10,103.0,104.5,102.5,104.5,37392.161
168,2013-09-11,103.0,104.5,102.5,104.5,41349.427
169,2013-09-12,103.0,104.5,103.0,103.5,32865.283
170,2013-09-13,102.5,103.0,102.0,102.5,23635.017
171,2013-09-14,102.5,103.5,102.0,102.5,5222.316
172,2013-09-16,104.0,105.5,104.0,105.5,40693.136
173,2013-09-17,105.5,105.5,104.5,105.5,25467.674
174,2013-09-18,105.0,105.5,103.0,103.0,34987.213
175,2013-09-23,103.0,106.0,102.5,105.5,57281.171
176,2013-09-24,105.0,105.5,104.0,105.0,28676.262
177,2013-09-25,104.5,104.5,103.0,103.0,35289.731
178,2013-09-26,103.5,103.5,101.5,101.5,23059.548
179,2013-09-27,103.5,103.5,102.0,103.0,26663.268
180,2013-09-30,100.5,102.0,100.0,100.5,46224.704
181,2013-10-01,100.5,102.5,100.5,101.5,22927.118
182,2013-10-02,103.5,103.5,102.0,103.0,14707.576
183,2013-10-03,103.5,106.0,103.0,105.0,50840.661
184,2013-10-04,104.5,105.0,103.5,104.0,21986.837
185,2013-10-07,103.5,104.0,102.0,103.0,24399.946
186,2013-10-08,103.5,105.5,103.0,105.0,35150.548
187,2013-10-09,104.0,105.5,103.0,105.0,26186.338
188,2013-10-11,105.0,107.5,105.0,106.5,59435.121
189,2013-10-14,106.5,106.5,105.0,105.0,18800.943
190,2013-10-15,106.5,107.0,106.0,107.0,21681.637
191,2013-10-16,108.0,108.0,106.0,106.0,19077.342
192,2013-10-17,107.5,108.0,107.0,107.0,28186.591
193,2013-10-18,108.5,110.0,108.5,110.0,60125.471
194,2013-10-21,111.0,111.5,109.5,110.0,41327.324
195,2013-10-22,110.0,111.5,109.5,111.5,39837.171
196,2013-10-23,111.0,111.5,110.0,111.0,23057.73
197,2013-10-24,109.0,110.0,108.5,110.0,21570.336
198,2013-10-25,108.5,109.0,106.5,107.0,37244.499
199,2013-10-28,108.0,109.5,107.5,109.5,21241.672
200,2013-10-29,108.5,109.5,108.0,109.5,21531.323
201,2013-10-30,109.0,110.0,109.0,110.0,16768.421
202,2013-10-31,108.5,109.5,108.0,109.5,23098.87
203,2013-11-01,110.5,110.5,108.5,109.5,10870.454
204,2013-11-04,108.0,109.0,108.0,109.0,9642.456
205,2013-11-05,108.5,109.0,106.5,106.5,21861.325
206,2013-11-06,106.5,107.5,106.5,107.0,17440.575
207,2013-11-07,107.0,107.5,106.0,107.0,15944.496
208,2013-11-08,105.0,106.5,105.0,106.0,31481.367
209,2013-11-11,105.0,106.0,104.5,104.5,21491.766
210,2013-11-12,106.0,106.0,104.5,105.0,31992.852
211,2013-11-13,105.0,105.0,103.0,103.0,26708.973
212,2013-11-14,104.0,104.5,103.5,103.5,29933.608
213,2013-11-15,103.5,104.5,103.5,104.0,19904.673
214,2013-11-18,104.5,105.0,104.0,104.0,25297.464
215,2013-11-19,104.5,105.5,104.0,105.0,34510.121
216,2013-11-20,104.0,104.0,102.5,103.0,46675.35
217,2013-11-21,102.0,103.0,100.5,101.0,57002.648
218,2013-11-22,100.0,101.5,100.0,100.0,57158.109
219,2013-11-25,101.0,102.5,101.0,101.0,30949.392
220,2013-11-26,102.0,105.0,101.5,103.5,47194.676
221,2013-11-27,105.0,105.5,104.5,105.0,22853.577
222,2013-11-28,105.0,105.5,104.5,105.0,22995.978
223,2013-11-29,104.5,105.0,104.0,105.0,34465.306
224,2013-12-02,105.0,105.5,104.0,104.5,19042.556
225,2013-12-03,104.0,105.0,103.5,104.0,26811.219
226,2013-12-04,103.5,105.5,103.5,105.0,23630.506
227,2013-12-05,105.0,105.0,103.5,104.0,25209.31
228,2013-12-06,103.0,104.5,103.0,103.0,25358.888
229,2013-12-09,104.0,105.0,104.0,105.0,23971.547
230,2013-12-10,104.5,105.0,104.0,104.0,22935.827
231,2013-12-11,103.5,105.0,103.5,105.0,24614.282
232,2013-12-12,104.5,104.5,103.0,103.0,18536.758
233,2013-12-13,102.5,103.5,102.5,102.5,28297.055
234,2013-12-16,102.5,103.0,102.0,102.0,18772.079
235,2013-12-17,103.0,104.5,103.0,103.5,26232.839
236,2013-12-18,102.5,103.0,101.0,101.0,66102.08
237,2013-12-19,102.0,103.0,101.5,102.5,27824.774
238,2013-12-20,101.5,103.5,101.5,102.0,37618.688
239,2013-12-23,103.0,104.5,103.0,104.0,28393.645
240,2013-12-24,104.0,104.0,103.0,103.0,14079.188
241,2013-12-25,102.5,103.5,102.5,103.0,9789.067
242,2013-12-26,103.0,104.0,103.0,104.0,6793.911
243,2013-12-27,103.5,104.5,103.0,104.5,24135.217
244,2013-12-30,104.0,106.0,104.0,106.0,44280.098
245,2013-12-31,105.5,106.0,105.0,105.5,24484.653
0,2014-01-02,105.0,105.5,103.5,104.5,15133.724
1,2014-01-03,103.0,103.0,102.0,102.5,41160.529
2,2014-01-06,102.0,103.0,102.0,102.5,23729.719
3,2014-01-07,102.5,103.0,102.0,102.0,18803.694
4,2014-01-08,103.0,104.5,102.5,104.0,30933.475
5,2014-01-09,102.5,103.0,100.5,101.0,64221.769
6,2014-01-10,102.0,102.5,101.5,102.0,36289.948
7,2014-01-13,103.0,103.5,102.5,103.0,22080.716
8,2014-01-14,102.5,103.5,102.0,103.5,21718.294
9,2014-01-15,104.0,106.0,104.0,105.0,54458.036
10,2014-01-16,106.0,107.5,106.0,107.0,49601.1
11,2014-01-17,108.0,108.5,107.0,107.5,55767.194
12,2014-01-20,107.0,108.5,107.0,107.5,24299.123
13,2014-01-21,108.5,108.5,106.0,106.5,25121.036
14,2014-01-22,106.0,107.5,106.0,107.5,28726.849
15,2014-01-23,108.5,108.5,107.5,107.5,28308.805
16,2014-01-24,107.0,108.5,107.0,108.0,34059.356
17,2014-01-27,106.0,106.5,104.0,105.0,65271.057
18,2014-02-05,102.0,102.0,100.5,100.5,147198.405
19,2014-02-06,101.0,103.0,101.0,102.0,73840.243
20,2014-02-07,103.5,104.5,103.0,104.0,54185.812
21,2014-02-10,104.0,104.5,103.0,103.0,26243.521
22,2014-02-11,104.5,105.0,104.0,104.5,23523.88
23,2014-02-12,105.0,105.5,104.5,105.0,25305.882
24,2014-02-13,105.0,106.0,105.0,105.0,19625.423
25,2014-02-14,106.5,107.5,106.5,107.5,42737.744
26,2014-02-17,108.0,108.5,107.5,108.5,34368.373
27,2014-02-18,108.5,108.5,107.5,108.0,22289.965
28,2014-02-19,108.0,108.0,107.0,108.0,28886.535
29,2014-02-20,106.5,107.0,106.0,106.5,28469.515
30,2014-02-21,107.0,107.5,107.0,107.5,31505.34
31,2014-02-24,107.5,108.0,106.0,107.0,32057.819
32,2014-02-25,107.5,108.0,106.5,108.0,34350.129
33,2014-02-26,107.5,108.0,107.0,107.5,34982.996
34,2014-02-27,107.5,108.0,107.5,108.0,49352.141
35,2014-03-03,108.0,108.0,106.5,108.0,62467.129
36,2014-03-04,108.0,108.0,107.5,107.5,48939.593
37,2014-03-05,108.5,110.0,108.5,110.0,55447.701
38,2014-03-06,110.0,113.5,110.0,113.0,72622.868
39,2014-03-07,114.0,115.0,113.5,114.5,66916.749
40,2014-03-10,114.5,114.5,112.5,113.0,38430.338
41,2014-03-11,113.5,114.5,113.5,114.0,29182.885
42,2014-03-12,112.5,113.0,112.0,113.0,18414.771
43,2014-03-13,116.5,117.5,115.5,116.5,59080.824
44,2014-03-14,115.0,115.5,114.0,115.0,47105.032
45,2014-03-17,114.5,115.0,113.0,114.0,33910.334
46,2014-03-18,114.5,115.0,113.5,114.5,37517.456
47,2014-03-19,114.5,115.0,113.5,114.5,35237.094
48,2014-03-20,113.0,113.5,112.0,112.0,46512.209
49,2014-03-21,114.0,114.0,112.0,112.5,60438.012
50,2014-03-24,111.5,112.5,111.5,112.5,29607.569
51,2014-03-25,111.5,113.5,111.5,113.5,38070.794
52,2014-03-26,115.5,116.0,114.5,115.5,45234.16
53,2014-03-27,114.5,116.0,114.0,116.0,31399.282
54,2014-03-28,116.0,117.5,115.5,117.5,43794.489
55,2014-03-31,118.0,118.5,116.5,118.5,47146.441
56,2014-04-01,119.0,119.5,118.5,119.5,40636.462
57,2014-04-02,120.5,121.0,119.0,120.0,43684.651
58,2014-04-03,118.5,119.0,117.5,118.5,37000.42
59,2014-04-07,117.5,118.0,116.5,117.5,45254.843
60,2014-04-08,117.0,119.5,117.0,119.0,43894.168
61,2014-04-09,119.5,120.0,119.0,119.0,29648.114
62,2014-04-10,119.0,119.5,118.5,119.5,27215.773
63,2014-04-11,118.5,120.0,118.0,120.0,34847.792
64,2014-04-14,120.0,121.0,120.0,120.5,31053.034
65,2014-04-15,121.5,122.5,121.0,122.5,29397.114
66,2014-04-16,121.5,122.5,121.0,121.0,51075.652
67,2014-04-17,120.5,121.5,119.0,120.0,36418.501
68,2014-04-18,122.5,123.0,121.0,123.0,32921.335
69,2014-04-21,122.0,122.0,121.0,121.5,24162.522
70,2014-04-22,121.0,122.5,120.5,121.5,27034.052
71,2014-04-23,123.0,123.0,120.5,121.0,34358.023
72,2014-04-24,121.0,121.0,120.0,121.0,25524.592
73,2014-04-25,121.0,121.0,118.0,118.5,49438.252
74,2014-04-28,118.5,120.0,117.5,119.0,28068.43
75,2014-04-29,120.5,121.0,119.0,120.5,21811.79
76,2014-04-30,120.0,120.5,117.0,118.5,44124.133
77,2014-05-02,119.0,119.5,117.0,118.0,45030.119
78,2014-05-05,117.5,118.0,116.0,117.0,28887.828
79,2014-05-06,117.0,119.0,116.5,118.0,27525.257
80,2014-05-07,118.0,119.0,117.5,118.5,33276.563
81,2014-05-08,119.5,120.0,119.0,119.5,30096.125
82,2014-05-09,120.0,120.0,119.0,120.0,23287.585
83,2014-05-12,119.5,120.0,117.5,118.5,37048.901
84,2014-05-13,120.0,121.0,119.5,120.5,24046.01
85,2014-05-14,121.0,122.0,120.5,122.0,32903.344
86,2014-05-15,121.0,122.0,120.5,122.0,16813.508
87,2014-05-16,122.0,123.0,121.0,122.0,28679.719
88,2014-05-19,122.0,122.5,121.0,121.0,20829.956
89,2014-05-20,122.0,122.0,121.0,121.0,25402.168
90,2014-05-21,122.0,122.0,120.5,120.5,24218.702
91,2014-05-22,121.5,122.0,121.0,122.0,26336.625
92,2014-05-23,121.0,122.5,121.0,122.0,31778.175
93,2014-05-26,123.0,123.5,122.0,123.0,19854.258
94,2014-05-27,122.5,124.0,122.5,123.5,18301.066
95,2014-05-28,124.0,124.0,122.5,124.0,37799.997
96,2014-05-29,123.5,124.0,121.5,122.0,43079.08
97,2014-05-30,122.0,122.5,119.5,119.5,69113.681
98,2014-06-03,120.0,122.5,120.0,122.5,40522.053
99,2014-06-04,123.5,124.0,123.0,123.5,33486.05
100,2014-06-05,123.0,123.5,121.5,123.0,19558.349
101,2014-06-06,123.5,123.5,122.0,122.5,19282.324
102,2014-06-09,122.5,123.5,122.5,123.0,19730.824
103,2014-06-10,123.0,124.5,122.5,124.5,26661.384
104,2014-06-11,124.0,125.0,123.5,125.0,27990.426
105,2014-06-12,124.0,124.0,123.0,123.5,22300.962
106,2014-06-13,123.0,123.5,122.5,123.0,17197.521
107,2014-06-16,122.5,124.0,122.5,124.0,13737.288
108,2014-06-17,124.0,125.0,123.0,125.0,20568.681
109,2014-06-18,125.0,126.5,124.0,125.5,38103.408
110,2014-06-19,124.5,126.0,124.5,126.0,25211.563
111,2014-06-20,126.5,127.0,124.0,124.5,31589.978
112,2014-06-23,125.0,125.5,123.0,123.0,25147.462
113,2014-06-24,123.0,123.5,122.0,123.0,36234.466
114,2014-06-25,123.0,124.5,123.0,123.5,31028.964
115,2014-06-26,124.5,125.0,123.5,124.5,33938.46
116,2014-06-27,125.0,126.5,124.0,125.5,44450.355
117,2014-06-30,126.0,127.0,125.0,126.5,38191.504
118,2014-07-01,126.5,128.5,126.0,128.0,33022.537
119,2014-07-02,129.5,132.5,129.0,132.5,51623.745
120,2014-07-03,131.5,135.0,130.5,134.5,41188.579
121,2014-07-04,133.5,136.0,132.0,135.0,44516.194
122,2014-07-07,134.5,136.0,132.5,136.0,32207.808
123,2014-07-08,135.5,136.0,134.0,134.5,36299.51
124,2014-07-09,133.5,135.0,133.5,134.0,39336.8
125,2014-07-10,134.5,136.0,134.5,134.5,51132.233
126,2014-07-11,136.0,138.0,135.5,136.5,43513.681
127,2014-07-14,134.5,134.5,132.5,132.5,46818.367
128,2014-07-15,133.0,134.0,132.5,133.0,37976.398
129,2014-07-16,133.0,133.5,130.0,130.5,42072.768
130,2014-07-17,125.0,125.5,123.0,124.5,138665.459
131,2014-07-18,121.5,124.0,121.5,123.5,97366.229
132,2014-07-21,124.0,124.5,122.5,123.5,58994.337
133,2014-07-22,123.5,125.0,122.5,124.5,53307.488
134,2014-07-24,124.5,125.0,124.0,125.0,66041.379
135,2014-07-25,124.5,125.0,122.5,123.0,31609.284
136,2014-07-28,122.0,122.5,121.0,121.5,43514.58
137,2014-07-29,122.5,124.0,122.0,124.0,40749.556
138,2014-07-30,123.5,125.0,123.0,124.5,32428.969
139,2014-07-31,124.0,124.0,121.0,121.0,44806.071
140,2014-08-01,120.0,121.0,119.5,120.0,61873.796
141,2014-08-04,120.0,123.5,120.0,123.5,39730.078
142,2014-08-05,122.5,122.5,119.5,119.5,61536.941
143,2014-08-06,119.0,121.5,119.0,120.5,38043.4
144,2014-08-07,120.5,121.5,119.5,121.5,30079.734
145,2014-08-08,120.5,121.0,119.5,120.5,35170.15
146,2014-08-11,120.0,121.0,119.5,120.5,42993.969
147,2014-08-12,121.0,122.0,120.5,121.5,32278.863
148,2014-08-13,121.0,123.5,120.5,122.5,39837.469
149,2014-08-14,123.5,124.0,123.0,124.0,32955.917
150,2014-08-15,124.5,125.0,123.0,124.0,19189.066
151,2014-08-18,124.0,124.0,122.5,123.0,14766.724
152,2014-08-19,124.0,125.0,123.5,124.0,31922.961
153,2014-08-20,125.0,125.5,124.5,125.5,28975.007
154,2014-08-21,126.0,126.0,124.0,124.5,23089.886
155,2014-08-22,124.5,126.0,123.5,125.5,42775.096
156,2014-08-25,125.5,126.0,125.0,125.0,21107.047
157,2014-08-26,125.0,125.5,124.0,124.5,30428.415
158,2014-08-27,125.5,126.0,124.5,125.5,36839.048
159,2014-08-28,126.0,126.0,124.5,125.0,21759.522
160,2014-08-29,124.5,125.0,124.0,124.0,28358.752
161,2014-09-01,125.0,128.5,125.0,128.5,37523.903
162,2014-09-02,128.0,128.0,125.5,126.0,20057.329
163,2014-09-03,127.0,128.0,125.5,128.0,24642.146
164,2014-09-04,128.0,128.0,126.0,127.5,22110.294
165,2014-09-05,128.5,128.5,125.5,127.0,20128.089
166,2014-09-09,127.5,127.5,126.5,127.0,24359.374
167,2014-09-10,126.0,126.0,124.0,125.0,29718.91
168,2014-09-11,126.0,126.0,125.0,125.0,24328.911
169,2014-09-12,124.5,125.0,123.0,123.0,20299.517
170,2014-09-15,122.5,123.5,122.0,123.5,19643.901
171,2014-09-16,123.0,123.0,122.0,122.5,19248.402
172,2014-09-17,123.5,125.0,123.0,124.5,24018.511
173,2014-09-18,124.5,125.0,123.5,125.0,14791.473
174,2014-09-19,125.5,126.0,125.0,125.0,30781.855
175,2014-09-22,124.0,124.0,122.0,122.0,40658.97
176,2014-09-23,123.0,123.5,122.0,122.5,16208.733
177,2014-09-24,122.0,124.0,122.0,123.0,28552.866
178,2014-09-25,123.0,124.0,121.5,122.0,23840.728
179,2014-09-26,121.0,121.5,120.5,121.0,25408.337
180,2014-09-29,122.0,122.0,120.0,120.5,55071.604
181,2014-09-30,120.0,121.0,119.0,120.0,52027.003
182,2014-10-01,120.0,122.0,120.0,121.5,42581.377
183,2014-10-02,121.0,122.5,120.5,121.0,30795.615
184,2014-10-03,122.5,125.0,122.0,124.5,52042.943
185,2014-10-06,125.0,126.0,124.0,126.0,39292.993
186,2014-10-07,125.0,125.5,123.5,125.0,40188.171
187,2014-10-08,123.5,125.0,122.5,122.5,30938.59
188,2014-10-09,124.0,125.0,123.5,125.0,37115.519
189,2014-10-13,119.0,121.5,118.0,120.5,77985.231
190,2014-10-14,120.0,121.5,119.5,121.0,31887.79
191,2014-10-15,121.5,123.0,121.0,121.5,50496.268
192,2014-10-16,121.5,124.0,120.0,121.5,46431.478
193,2014-10-17,125.0,125.5,123.5,123.5,92077.567
194,2014-10-20,125.0,126.0,124.5,126.0,38619.12
195,2014-10-21,126.0,126.0,124.5,125.0,25647.836
196,2014-10-22,127.5,129.0,127.5,129.0,65855.978
197,2014-10-23,128.0,128.5,127.5,127.5,28085.0
198,2014-10-24,127.0,127.5,125.0,125.5,42161.68
199,2014-10-27,126.5,128.0,126.5,128.0,25145.3
200,2014-10-28,129.0,129.5,127.5,128.0,35018.669
201,2014-10-29,129.0,129.5,128.0,129.0,34860.584
202,2014-10-30,128.5,129.0,127.0,128.5,35723.762
203,2014-10-31,128.0,130.5,127.5,130.5,42413.458
204,2014-11-03,132.0,132.5,130.5,131.0,45307.093
205,2014-11-04,132.0,132.0,131.0,132.0,32566.058
206,2014-11-05,131.5,132.0,131.0,132.0,22638.263
207,2014-11-06,132.5,132.5,131.5,132.0,28559.948
208,2014-11-07,131.5,131.5,130.5,131.0,17385.452
209,2014-11-10,132.5,134.5,132.0,134.5,43174.974
210,2014-11-11,135.0,135.0,133.0,134.0,20484.607
211,2014-11-12,134.5,134.5,131.5,132.0,27434.39
212,2014-11-13,133.5,134.5,132.5,134.0,25055.094
213,2014-11-14,134.0,135.0,133.5,135.0,24361.474
214,2014-11-17,135.0,135.5,132.5,133.0,24772.76
215,2014-11-18,134.0,134.5,131.0,131.5,43227.312
216,2014-11-19,133.0,136.5,132.5,136.0,71400.31
217,2014-11-20,137.5,139.0,137.0,139.0,44216.108
218,2014-11-21,139.5,139.5,137.5,138.5,30621.113
219,2014-11-24,140.0,140.5,138.0,138.5,33408.878
220,2014-11-25,138.5,140.0,138.5,139.0,42940.855
221,2014-11-26,138.5,139.0,138.0,139.0,23201.396
222,2014-11-27,140.0,142.0,140.0,140.0,26580.345
223,2014-11-28,139.0,141.5,139.0,141.5,36077.308
224,2014-12-01,139.0,142.0,138.5,140.0,50115.832
225,2014-12-02,139.5,139.5,137.5,137.5,54781.433
226,2014-12-03,137.5,139.0,136.5,138.0,40184.369
227,2014-12-04,139.0,140.0,138.5,139.0,28276.455
228,2014-12-05,138.5,139.5,137.0,137.5,29431.871
229,2014-12-08,138.0,138.5,137.0,138.0,19854.469
230,2014-12-09,138.0,139.0,137.5,138.0,31926.886
231,2014-12-10,138.0,139.0,136.0,136.0,39845.261
232,2014-12-11,135.0,136.0,134.5,134.5,41669.26
233,2014-12-12,135.0,136.0,134.5,135.0,31504.393
234,2014-12-15,134.5,136.5,134.5,136.0,45196.692
235,2014-12-16,134.5,135.5,133.0,133.0,41273.42
236,2014-12-17,133.0,133.0,130.0,130.5,84670.25
237,2014-12-18,132.0,133.0,131.0,131.5,51896.344
238,2014-12-19,134.5,138.0,134.0,138.0,44591.655
239,2014-12-22,137.5,140.0,137.0,138.5,34995.859
240,2014-12-23,139.0,140.0,137.0,137.5,19157.682
241,2014-12-24,136.0,138.0,136.0,138.0,16722.021
242,2014-12-25,137.0,138.0,137.0,137.5,7392.192
243,2014-12-26,138.0,139.0,137.0,139.0,13183.543
244,2014-12-27,139.0,139.0,137.5,138.5,4823.202
245,2014-12-29,138.0,141.0,138.0,141.0,35075.381
246,2014-12-30,141.0,141.5,139.0,140.0,23590.171
247,2014-12-31,139.0,141.0,139.0,141.0,18351.769
0,2015-01-05,140.5,140.5,137.5,139.5,32214.177
1,2015-01-06,137.5,137.5,133.0,133.5,67649.997
2,2015-01-07,133.5,135.0,133.5,134.0,43886.007
3,2015-01-08,136.5,138.0,136.0,138.0,42551.468
4,2015-01-09,135.0,135.5,133.0,134.0,61920.268
5,2015-01-12,132.5,133.5,132.0,132.0,30402.705
6,2015-01-13,131.0,133.0,130.5,132.5,38093.83
7,2015-01-14,132.5,133.0,130.0,130.0,49447.397
8,2015-01-15,131.5,133.0,131.5,131.5,40996.781
9,2015-01-16,140.0,140.0,136.0,137.0,129035.714
10,2015-01-19,138.5,139.5,137.5,139.0,50175.501
11,2015-01-20,139.0,139.0,137.5,138.0,33795.629
12,2015-01-21,139.5,141.0,139.5,141.0,77292.89
13,2015-01-22,141.5,142.0,139.5,140.0,45654.028
14,2015-01-23,142.5,145.0,142.5,145.0,82359.856
15,2015-01-26,145.5,145.5,143.5,145.0,46941.337
16,2015-01-27,145.5,147.0,144.5,147.0,53362.68
17,2015-01-28,146.5,147.0,145.5,146.5,48373.268
18,2015-01-29,144.0,145.0,143.0,143.5,36887.636
19,2015-01-30,145.0,145.5,141.0,141.0,44413.182
20,2015-02-02,140.5,143.0,140.5,142.5,30382.755
21,2015-02-03,143.0,144.5,142.0,144.5,27234.908
22,2015-02-04,144.5,146.5,144.0,146.0,43152.252
23,2015-02-05,145.5,146.0,143.5,145.5,25327.809
24,2015-02-06,145.5,145.5,143.0,143.0,28668.194
25,2015-02-09,143.0,143.5,141.5,142.0,26650.627
26,2015-02-10,142.0,143.0,141.5,142.5,33452.346
27,2015-02-11,146.0,149.0,146.0,148.0,71429.251
28,2015-02-12,149.5,149.5,147.5,148.5,35027.816
29,2015-02-13,148.5,150.0,148.0,148.5,38571.667
30,2015-02-24,149.0,152.0,148.5,151.0,74443.659
31,2015-02-25,152.5,154.5,152.5,154.5,48326.782
32,2015-02-26,153.5,154.0,150.5,150.5,58406.927
33,2015-03-02,151.5,153.0,148.5,149.0,41706.868
34,2015-03-03,150.0,151.0,148.5,150.5,29205.565
35,2015-03-04,150.0,151.5,149.0,150.5,32781.813
36,2015-03-05,150.0,151.0,148.5,150.0,29851.795
37,2015-03-06,149.0,149.5,148.5,149.0,33211.114
38,2015-03-09,147.5,147.5,145.0,145.5,67545.51
39,2015-03-10,145.0,145.0,144.0,144.0,46859.211
40,2015-03-11,143.5,148.0,143.0,146.0,51828.263
41,2015-03-12,147.0,148.5,146.5,148.0,32364.794
42,2015-03-13,148.0,149.5,147.0,149.0,46407.83
43,2015-03-16,149.0,149.5,146.0,146.0,37462.553
44,2015-03-17,148.5,150.0,148.5,149.0,55770.359
45,2015-03-18,151.0,154.0,150.0,153.5,71220.784
46,2015-03-19,152.5,155.0,152.5,154.0,43512.703
47,2015-03-20,151.5,154.0,151.5,154.0,38594.575
48,2015-03-23,154.0,154.0,152.5,153.5,26369.028
49,2015-03-24,153.5,153.5,151.5,151.5,38207.799
50,2015-03-25,152.0,152.5,150.5,151.0,50140.683
51,2015-03-26,145.5,147.0,144.5,145.5,162835.475
52,2015-03-27,144.0,145.5,142.5,142.5,112919.978
53,2015-03-30,142.5,144.0,142.0,142.5,64898.228
54,2015-03-31,144.0,145.5,143.0,145.5,56918.778
55,2015-04-01,145.0,145.0,143.5,144.0,39056.191
56,2015-04-02,145.0,148.0,144.5,147.0,52174.388
57,2015-04-07,146.5,147.5,145.0,146.0,34901.698
58,2015-04-08,145.5,146.0,143.0,143.0,49474.198
59,2015-04-09,144.0,145.5,143.0,143.0,47243.108
60,2015-04-10,146.0,147.0,145.0,147.0,33908.579
61,2015-04-13,146.5,147.5,146.0,147.0,26427.202
62,2015-04-14,145.0,145.5,143.5,144.0,41702.197
63,2015-04-15,143.5,144.5,141.5,143.0,71626.316
64,2015-04-16,145.0,147.0,144.5,147.0,55563.272
65,2015-04-17,143.0,144.0,142.5,142.5,79007.681
66,2015-04-20,142.0,144.0,141.5,143.0,43593.805
67,2015-04-21,142.0,143.5,141.5,142.5,40892.605
68,2015-04-22,143.5,145.0,143.0,143.5,40631.875
69,2015-04-23,145.5,147.0,145.0,147.0,47851.742
70,2015-04-24,149.0,152.5,148.5,152.5,135458.464
71,2015-04-27,153.0,153.0,150.0,151.5,58112.934
72,2015-04-28,153.5,153.5,150.5,151.5,43295.538
73,2015-04-29,150.0,151.0,148.0,148.5,37440.139
74,2015-04-30,147.0,148.5,146.5,147.0,48982.979
75,2015-05-04,148.5,148.5,146.0,147.5,30868.64
76,2015-05-05,147.5,148.0,146.0,147.0,27789.4
77,2015-05-06,145.5,148.0,145.5,147.5,18824.208
78,2015-05-07,146.0,147.5,146.0,146.5,21908.15
79,2015-05-08,146.0,147.5,146.0,146.5,20035.646
80,2015-05-11,149.0,149.0,147.0,148.5,20402.529
81,2015-05-12,147.0,148.5,147.0,147.5,24956.498
82,2015-05-13,147.5,149.0,147.0,148.0,19437.537
83,2015-05-14,148.0,148.5,146.0,146.0,39888.654
84,2015-05-15,147.0,147.0,145.0,146.5,24831.89
85,2015-05-18,147.0,147.0,145.0,146.5,26212.375
86,2015-05-19,145.5,147.5,145.0,146.5,26321.396
87,2015-05-20,146.5,147.0,146.0,146.5,26984.912
88,2015-05-21,146.0,146.5,144.5,145.5,41286.686
89,2015-05-22,146.0,147.0,145.0,145.5,22103.852
90,2015-05-25,146.5,147.5,145.5,147.5,16323.218
91,2015-05-26,148.5,148.5,146.5,146.5,16069.726
92,2015-05-27,145.5,147.0,145.0,145.0,24257.941
93,2015-05-28,147.0,147.5,146.0,147.0,36704.395
94,2015-05-29,147.0,147.5,145.5,146.0,61983.862
95,2015-06-01,145.5,146.0,144.0,145.0,31646.861
96,2015-06-02,144.5,144.5,143.5,144.0,33433.403
97,2015-06-03,143.5,144.5,143.0,143.0,30174.69
98,2015-06-04,142.0,142.5,140.0,141.0,62313.192
99,2015-06-05,139.5,140.5,139.0,140.0,42846.692
100,2015-06-08,139.5,140.0,138.5,138.5,45637.64
101,2015-06-09,138.5,140.0,138.0,139.0,31663.811
102,2015-06-10,141.0,141.5,139.5,139.5,37243.196
103,2015-06-11,141.0,144.0,141.0,143.5,46455.78
104,2015-06-12,144.0,144.5,142.5,144.5,35243.603
105,2015-06-15,144.5,144.5,142.5,143.0,23775.78
106,2015-06-16,143.0,143.0,141.0,142.0,28696.598
107,2015-06-17,143.0,143.5,142.0,142.5,31675.566
108,2015-06-18,142.0,143.0,142.0,142.0,28627.136
109,2015-06-22,142.0,143.5,142.0,142.0,29598.804
110,2015-06-23,143.0,145.0,142.5,144.5,37809.098
111,2015-06-24,144.5,145.0,143.5,145.0,21134.324
112,2015-06-25,145.0,147.0,145.0,146.5,45571.067
113,2015-06-26,147.0,147.5,145.5,146.0,34170.981
114,2015-06-29,140.5,141.0,138.5,138.5,53096.169
115,2015-06-30,139.0,140.5,138.5,140.5,45375.815
116,2015-07-01,140.0,142.5,139.0,141.0,33330.373
117,2015-07-02,140.5,142.0,140.5,141.5,24309.42
118,2015-07-03,141.5,142.5,140.0,142.5,17091.23
119,2015-07-06,141.0,141.5,140.5,140.5,20683.912
120,2015-07-07,141.0,142.0,140.5,140.5,26545.982
121,2015-07-08,140.5,141.0,138.0,138.0,52066.084
122,2015-07-09,134.0,138.0,134.0,136.5,53784.773
123,2015-07-13,137.0,139.5,137.0,138.5,35404.791
124,2015-07-14,139.5,140.5,138.0,138.5,27574.22
125,2015-07-15,139.0,139.5,138.0,138.5,23485.78
126,2015-07-16,140.0,140.0,135.5,136.5,37250.129
127,2015-07-17,138.0,140.0,138.0,140.0,55848.153
128,2015-07-20,141.5,142.0,138.5,139.0,27906.576
129,2015-07-21,141.0,141.5,139.5,140.5,21857.01
130,2015-07-22,139.0,139.5,138.0,139.0,27408.864
131,2015-07-23,137.0,137.5,136.0,136.0,38176.255
132,2015-07-24,138.0,138.0,136.0,137.0,39062.686
133,2015-07-27,135.0,135.5,134.0,134.0,45080.466
134,2015-07-28,135.0,136.5,134.0,134.0,35777.744
135,2015-07-29,135.0,136.0,134.5,135.5,30500.205
136,2015-07-30,136.0,139.0,136.0,138.5,37085.996
137,2015-07-31,140.5,140.5,137.5,139.5,40479.318
138,2015-08-03,138.5,138.5,134.5,134.5,33815.561
139,2015-08-04,135.0,136.5,134.5,136.5,27514.927
140,2015-08-05,135.5,135.5,134.0,134.0,28577.967
141,2015-08-06,136.0,136.0,132.0,134.0,39658.057
142,2015-08-07,133.0,133.5,131.5,133.0,30591.687
143,2015-08-10,131.0,131.0,125.5,129.0,65582.829
144,2015-08-11,133.5,133.5,130.5,130.5,65988.387
145,2015-08-12,129.5,130.0,127.5,128.5,45838.052
146,2015-08-13,129.0,130.0,127.5,128.0,43697.151
147,2015-08-14,128.0,128.5,125.0,126.0,40366.795
148,2015-08-17,125.5,125.5,123.0,124.0,38956.377
149,2015-08-18,125.0,126.5,125.0,126.0,41823.656
150,2015-08-19,127.5,127.5,124.0,125.0,47213.363
151,2015-08-20,124.5,126.0,123.5,126.0,38767.923
152,2015-08-21,123.0,124.5,121.0,121.0,67341.681
153,2015-08-24,120.0,121.0,112.5,115.0,118882.318
154,2015-08-25,118.0,124.0,117.5,123.5,99479.29
155,2015-08-26,121.0,124.5,119.5,122.5,65899.783
156,2015-08-27,125.0,125.0,122.0,124.0,53549.076
157,2015-08-28,127.0,127.0,124.5,125.0,41879.827
158,2015-08-31,126.0,129.0,123.5,129.0,57088.355
159,2015-09-01,127.5,127.5,124.0,124.0,42394.536
160,2015-09-02,123.0,127.0,123.0,125.5,37232.124
161,2015-09-03,127.5,127.5,125.0,127.0,24054.041
162,2015-09-04,126.5,127.0,123.5,125.0,23047.166
163,2015-09-07,124.5,126.0,122.0,122.5,26152.92
164,2015-09-08,122.5,123.5,122.0,123.0,15112.954
165,2015-09-09,126.5,129.0,126.5,129.0,53969.621
166,2015-09-10,127.0,128.0,125.0,125.0,34029.707
167,2015-09-11,125.5,127.5,124.0,127.5,24548.989
168,2015-09-14,128.0,129.0,126.0,127.5,25582.357
169,2015-09-15,127.5,128.0,125.5,126.0,22223.4
170,2015-09-16,128.0,130.0,127.5,129.5,44137.38
171,2015-09-17,130.5,131.5,130.0,131.0,52529.479
172,2015-09-18,129.5,131.5,129.0,131.5,32590.064
173,2015-09-21,130.0,130.0,128.5,129.5,35271.713
174,2015-09-22,130.0,130.0,128.5,129.0,18378.27
175,2015-09-23,127.0,127.5,124.5,124.5,35523.04
176,2015-09-24,127.0,128.0,125.5,127.0,44708.932
177,2015-09-25,127.0,127.5,125.0,127.0,24688.657
178,2015-09-30,128.0,131.0,127.0,130.0,76377.1
179,2015-10-01,131.0,134.0,129.5,133.5,53400.609
180,2015-10-02,132.5,132.5,131.5,132.0,25252.357
181,2015-10-05,133.0,133.5,131.5,132.5,30895.136
182,2015-10-06,135.0,135.5,132.5,133.0,49925.004
183,2015-10-07,133.5,135.0,133.0,135.0,32541.468
184,2015-10-08,137.0,137.0,135.0,136.0,32054.985
185,2015-10-12,137.0,139.0,136.5,138.5,51617.728
186,2015-10-13,138.5,138.5,136.0,137.5,37227.089
187,2015-10-14,136.5,137.5,136.0,136.5,65521.186
188,2015-10-15,139.0,141.0,139.0,140.0,73316.434
189,2015-10-16,137.0,137.5,136.0,137.5,37189.898
190,2015-10-19,138.5,139.0,137.0,138.0,26173.538
191,2015-10-20,139.0,139.0,137.5,139.0,28795.564
192,2015-10-21,139.5,140.0,137.5,138.5,20006.939
193,2015-10-22,138.0,138.5,137.0,137.5,15168.792
194,2015-10-23,140.0,140.5,139.0,140.0,35666.256
195,2015-10-26,140.5,140.5,139.0,140.0,24412.462
196,2015-10-27,138.5,140.0,137.5,139.0,26557.567
197,2015-10-28,137.0,139.0,137.0,138.0,22557.317
198,2015-10-29,139.0,139.5,136.5,136.5,20463.741
199,2015-10-30,137.0,137.5,136.0,136.5,28293.017
200,2015-11-02,138.5,138.5,135.5,137.5,22789.011
201,2015-11-03,138.5,140.0,138.0,139.5,36442.564
202,2015-11-04,141.5,144.5,141.0,144.5,75685.074
203,2015-11-05,144.0,144.5,142.5,142.5,37827.858
204,2015-11-06,144.0,144.0,139.0,140.0,51889.334
205,2015-11-09,141.0,143.0,140.5,142.0,24863.486
206,2015-11-10,141.5,141.5,139.0,139.5,23336.811
207,2015-11-11,140.5,140.5,136.5,137.5,29463.476
208,2015-11-12,138.5,139.0,138.0,138.5,16485.91
209,2015-11-13,137.5,139.0,136.0,136.0,22956.373
210,2015-11-16,134.0,135.5,134.0,135.0,32132.74
211,2015-11-17,138.0,140.0,137.5,138.5,28224.719
212,2015-11-18,139.5,140.0,136.5,137.0,29455.424
213,2015-11-19,138.5,140.5,138.0,140.5,28723.691
214,2015-11-20,140.5,141.0,140.0,141.0,21649.438
215,2015-11-23,141.0,141.5,140.0,141.0,20543.619
216,2015-11-24,140.0,141.5,139.5,139.5,23245.808
217,2015-11-25,139.5,141.0,138.5,141.0,34540.578
218,2015-11-26,141.0,142.5,140.0,142.5,32927.905
219,2015-11-27,143.0,143.0,139.0,139.0,26742.675
220,2015-11-30,136.5,139.0,136.0,139.0,110350.217
221,2015-12-01,140.5,142.5,138.5,142.5,48931.728
222,2015-12-02,144.0,144.0,142.0,142.5,31767.868
223,2015-12-03,141.5,143.0,141.5,142.5,28204.644
224,2015-12-04,141.0,142.5,140.5,140.5,31780.733
225,2015-12-07,142.0,144.5,142.0,143.5,41097.638
226,2015-12-08,143.5,144.0,141.0,142.5,34037.222
227,2015-12-09,142.0,142.0,140.5,140.5,30640.495
228,2015-12-10,140.5,141.5,139.0,141.0,41487.561
229,2015-12-11,141.0,142.0,139.0,139.5,32030.596
230,2015-12-14,137.5,139.5,137.5,139.0,37666.637
231,2015-12-15,139.5,140.5,138.0,138.0,27973.102
232,2015-12-16,142.0,144.0,141.0,143.5,58669.086
233,2015-12-17,144.5,145.0,143.0,145.0,34710.663
234,2015-12-18,143.0,145.0,142.0,142.0,41615.595
235,2015-12-21,141.5,142.5,140.5,141.5,26939.46
236,2015-12-22,141.0,142.0,140.5,142.0,17209.761
237,2015-12-23,141.0,143.0,140.5,141.5,18152.173
238,2015-12-24,143.0,143.5,142.0,142.0,13495.395
239,2015-12-25,142.0,143.5,142.0,143.0,6168.635
240,2015-12-28,143.5,144.0,143.0,143.5,10831.155
241,2015-12-29,143.5,144.0,141.5,142.0,12968.379
242,2015-12-30,142.5,144.0,142.0,142.5,14713.096
243,2015-12-31,142.0,144.0,141.0,143.0,18677.987
0,2016-01-04,142.5,143.5,139.0,139.5,43800.291
1,2016-01-05,139.0,140.0,137.0,138.0,46502.108
2,2016-01-06,138.0,138.0,135.0,135.5,53873.344
3,2016-01-07,134.5,135.0,130.5,133.0,63475.065
4,2016-01-08,132.0,135.0,132.0,134.0,52641.383
5,2016-01-11,133.0,134.5,130.5,133.0,48536.267
6,2016-01-12,133.0,134.0,131.5,133.0,35133.164
7,2016-01-13,133.5,135.5,133.0,133.5,50237.061
8,2016-01-14,130.5,132.0,130.5,131.5,39498.49
9,2016-01-15,137.5,138.0,135.5,137.0,79648.971
10,2016-01-18,135.0,138.0,134.5,137.0,37008.681
11,2016-01-19,137.5,138.0,136.0,138.0,24995.537
12,2016-01-20,137.5,137.5,133.5,134.5,44423.192
13,2016-01-21,134.0,136.5,134.0,135.0,31957.378
14,2016-01-22,136.5,138.5,136.0,138.5,33926.219
15,2016-01-25,140.0,140.0,139.0,139.5,27213.347
16,2016-01-26,137.5,139.0,137.0,137.5,24102.538
17,2016-01-27,139.0,139.5,138.5,139.5,24547.614
18,2016-01-28,138.0,140.5,138.0,140.0,37913.413
19,2016-01-29,138.5,143.0,138.0,143.0,57557.576
20,2016-01-30,142.5,143.0,141.0,142.0,11865.065
21,2016-02-01,144.0,144.0,141.5,144.0,43828.461
22,2016-02-02,144.0,144.5,141.5,142.5,25400.755
23,2016-02-03,145.0,146.0,144.5,146.0,71652.894
24,2016-02-15,142.0,146.5,142.0,145.0,77064.578
25,2016-02-16,146.0,148.0,145.5,147.5,56361.967
26,2016-02-17,149.0,149.0,147.0,148.0,38486.773
27,2016-02-18,150.0,151.0,149.5,151.0,61877.408
28,2016-02-19,149.0,151.0,149.0,151.0,37444.703
29,2016-02-22,149.5,152.5,149.5,151.0,29751.439
30,2016-02-23,150.5,151.0,149.0,149.5,22500.491
31,2016-02-24,149.5,150.5,147.0,148.0,22082.824
32,2016-02-25,149.0,151.0,148.5,150.5,25233.069
33,2016-02-26,151.0,151.5,148.0,149.0,46425.984
34,2016-03-01,148.5,152.0,148.5,152.0,44046.047
35,2016-03-02,154.0,154.5,153.0,153.0,36101.65
36,2016-03-03,154.0,154.5,153.0,154.0,28867.121
37,2016-03-04,153.0,153.5,151.5,152.5,37794.356
38,2016-03-07,152.5,153.5,151.0,152.0,24052.58
39,2016-03-08,151.0,152.0,149.5,152.0,40643.284
40,2016-03-09,152.0,153.0,150.5,153.0,24634.641
41,2016-03-10,153.0,154.5,151.5,154.5,31343.947
42,2016-03-11,154.5,155.0,153.0,155.0,31297.178
43,2016-03-14,156.5,157.5,155.5,156.0,32987.563
44,2016-03-15,155.0,156.5,153.0,154.5,29437.607
45,2016-03-16,155.5,156.0,154.0,156.0,31126.817
46,2016-03-17,159.5,160.0,157.5,158.5,52228.954
47,2016-03-18,158.5,159.5,158.5,159.5,57866.711
48,2016-03-21,160.0,160.0,158.0,160.0,27687.094
49,2016-03-22,159.5,159.5,157.0,158.5,29303.958
50,2016-03-23,158.5,159.5,158.0,159.5,29439.666
51,2016-03-24,158.0,159.0,157.0,158.5,25198.949
52,2016-03-25,158.5,159.0,157.0,158.0,10970.033
53,2016-03-28,158.0,159.0,157.0,159.0,15857.144
54,2016-03-29,158.5,159.5,158.0,159.0,19152.246
55,2016-03-30,158.5,162.0,158.5,161.5,46113.332
56,2016-03-31,162.0,163.0,159.0,162.0,54094.182
57,2016-04-01,161.0,161.0,157.5,158.5,34544.879
58,2016-04-06,155.5,156.0,153.5,153.5,63133.315
59,2016-04-07,155.0,155.0,152.5,154.5,35933.073
60,2016-04-08,154.0,158.0,154.0,157.5,42324.696
61,2016-04-11,156.0,159.0,155.5,158.5,23189.461
62,2016-04-12,157.5,159.5,157.5,158.5,14877.049
63,2016-04-13,160.0,162.0,159.5,161.5,40333.113
64,2016-04-14,162.0,162.5,160.0,161.5,31377.056
65,2016-04-15,157.0,160.0,156.0,159.5,50339.512
66,2016-04-18,158.0,158.5,157.5,158.0,20876.425
67,2016-04-19,160.0,161.0,157.0,157.5,27622.018
68,2016-04-20,157.5,158.0,154.0,154.0,43418.112
69,2016-04-21,156.0,157.0,154.0,157.0,30419.233
70,2016-04-22,155.5,158.0,155.0,156.5,29237.052
71,2016-04-25,156.5,157.5,156.0,157.5,14669.483
72,2016-04-26,156.5,158.5,156.5,158.0,18539.344
73,2016-04-27,156.0,157.5,155.5,156.5,36967.022
74,2016-04-28,157.5,158.0,153.0,153.0,49282.82
75,2016-04-29,151.0,151.0,149.0,150.0,75959.754
76,2016-05-03,148.0,148.5,146.5,147.5,68909.16
77,2016-05-04,147.0,149.0,146.5,147.0,55586.383
78,2016-05-05,147.5,148.5,146.0,147.5,40687.466
79,2016-05-06,148.5,148.5,147.0,148.0,39401.142
80,2016-05-09,148.5,149.0,146.5,147.5,39783.802
81,2016-05-10,147.0,148.0,146.5,147.0,39210.189
82,2016-05-11,148.5,149.0,146.5,147.0,45610.564
83,2016-05-12,147.0,148.0,146.0,146.0,24008.945
84,2016-05-13,145.0,145.5,143.0,144.0,60713.306
85,2016-05-16,143.0,145.5,143.0,144.5,32239.094
86,2016-05-17,145.5,147.0,145.0,147.0,32716.713
87,2016-05-18,146.0,147.0,145.0,147.0,31106.657
88,2016-05-19,148.0,148.5,145.5,147.0,35192.869
89,2016-05-20,147.5,149.5,147.0,148.5,38046.045
90,2016-05-23,150.5,154.5,149.5,154.0,50174.359
91,2016-05-24,152.5,153.5,151.0,151.0,25677.62
92,2016-05-25,153.5,155.0,152.5,154.5,35410.557
93,2016-05-26,154.5,155.0,153.5,155.0,18822.152
94,2016-05-27,156.0,156.5,154.5,156.5,26617.621
95,2016-05-30,157.0,158.0,155.0,157.0,38311.828
96,2016-05-31,156.5,157.5,155.0,156.5,70177.201
97,2016-06-01,156.0,159.0,156.0,159.0,27743.096
98,2016-06-02,159.0,160.0,158.0,159.0,21999.904
99,2016-06-03,159.0,160.5,159.0,160.5,32020.341
100,2016-06-04,160.0,160.0,159.5,160.0,2631.269
101,2016-06-06,161.0,162.0,160.0,161.0,28898.951
102,2016-06-07,161.5,163.5,161.0,162.0,47573.77
103,2016-06-08,164.0,166.0,163.5,165.5,45587.946
104,2016-06-13,161.0,162.5,161.0,162.0,54689.228
105,2016-06-14,161.0,163.0,161.0,162.0,27823.266
106,2016-06-15,162.0,163.0,161.0,163.0,29328.888
107,2016-06-16,161.5,162.5,159.5,160.5,36957.34
108,2016-06-17,162.5,164.5,162.0,163.0,31326.264
109,2016-06-20,164.5,165.0,163.0,163.0,24949.407
110,2016-06-21,164.0,165.5,163.5,165.5,28042.486
111,2016-06-22,164.5,166.0,163.5,166.0,30409.069
112,2016-06-23,165.5,166.0,164.0,164.0,22592.551
113,2016-06-24,164.0,164.0,154.5,159.0,86994.06
114,2016-06-27,154.5,156.0,154.0,155.5,43401.75
115,2016-06-28,155.5,157.5,155.0,157.0,39095.886
116,2016-06-29,158.5,160.0,158.0,159.0,32131.574
117,2016-06-30,161.0,163.0,159.5,162.5,42854.433
118,2016-07-01,164.5,166.0,163.5,166.0,36577.822
119,2016-07-04,165.5,166.5,164.5,166.0,25968.655
120,2016-07-05,165.0,165.5,164.0,164.0,16422.882
121,2016-07-06,163.0,163.0,160.5,161.5,35100.107
122,2016-07-07,163.5,165.0,163.0,164.5,24442.273
123,2016-07-11,170.0,170.5,168.5,170.0,53434.92
124,2016-07-12,171.0,171.5,169.5,171.0,42128.936
125,2016-07-13,169.5,170.0,167.0,168.5,51719.99
126,2016-07-14,167.0,170.0,167.0,169.0,36131.819
127,2016-07-15,168.0,169.5,166.5,169.5,41822.109
128,2016-07-18,168.0,170.0,168.0,169.5,24774.059
129,2016-07-19,170.5,170.5,169.0,170.5,43707.37
130,2016-07-20,170.0,170.5,169.0,170.0,39076.857
131,2016-07-21,171.0,172.0,170.0,172.0,35220.658
132,2016-07-22,172.0,172.0,170.5,171.0,29804.436
133,2016-07-25,172.0,173.0,169.0,171.5,27180.811
134,2016-07-26,172.0,173.0,171.5,173.0,32736.383
135,2016-07-27,175.0,176.0,174.5,175.0,36108.136
136,2016-07-28,175.0,176.5,173.0,176.5,31138.296
137,2016-07-29,177.0,177.0,172.5,172.5,30008.528
138,2016-08-01,175.0,177.0,174.5,177.0,34703.892
139,2016-08-02,177.5,177.5,175.5,176.0,15366.106
140,2016-08-03,172.5,174.0,172.0,172.5,21652.236
141,2016-08-04,173.0,174.5,172.5,174.5,14292.159
142,2016-08-05,175.0,177.5,174.0,177.0,25803.777
143,2016-08-08,178.0,178.0,176.5,178.0,16241.757
144,2016-08-09,178.5,179.5,177.0,178.5,16443.465
145,2016-08-10,179.0,179.5,178.0,179.5,19307.662
146,2016-08-11,177.5,178.0,175.5,176.5,28216.223
147,2016-08-12,178.5,178.5,177.0,177.5,23986.752
148,2016-08-15,178.5,179.0,177.5,179.0,13660.192
149,2016-08-16,178.0,179.0,175.0,175.5,34284.274
150,2016-08-17,177.0,177.5,176.0,177.0,24169.622
151,2016-08-18,176.0,176.5,175.0,176.0,27899.726
152,2016-08-19,177.0,177.5,174.0,174.5,23496.71
153,2016-08-22,173.0,174.0,171.5,173.0,21822.066
154,2016-08-23,174.0,175.0,173.5,174.0,21467.596
155,2016-08-24,175.0,175.5,173.5,173.5,12532.486
156,2016-08-25,175.0,177.0,174.5,177.0,23973.648
157,2016-08-26,175.0,177.0,175.0,177.0,15804.932
158,2016-08-29,175.0,177.0,174.0,176.5,16967.254
159,2016-08-30,176.0,176.5,174.0,174.5,19752.234
160,2016-08-31,176.5,177.0,174.5,176.0,42461.245
161,2016-09-01,176.0,176.0,173.0,173.5,26101.335
162,2016-09-02,176.5,176.5,174.0,174.5,19489.13
163,2016-09-05,176.5,177.5,176.5,176.5,27982.906
164,2016-09-06,177.0,179.0,176.5,179.0,29646.892
165,2016-09-07,180.5,185.0,180.0,184.0,50851.477
166,2016-09-08,182.5,184.5,182.5,183.0,30307.949
167,2016-09-09,181.0,181.0,179.5,179.5,30635.512
168,2016-09-10,177.0,179.0,176.0,178.0,15470.223
169,2016-09-12,177.5,177.5,174.0,175.0,42751.708
170,2016-09-13,176.5,176.5,173.5,175.0,38438.582
171,2016-09-14,174.0,176.0,173.5,173.5,52966.216
172,2016-09-19,179.5,183.0,178.5,182.5,57296.972
173,2016-09-20,182.0,183.5,181.5,183.0,23647.416
174,2016-09-21,181.0,184.0,180.5,184.0,26261.794
175,2016-09-22,185.0,185.5,183.5,185.5,21213.26
176,2016-09-23,185.0,187.5,184.5,187.5,23141.189
177,2016-09-26,183.5,185.0,183.0,183.0,25218.996
178,2016-09-29,185.5,187.5,185.5,185.5,57778.769
179,2016-09-30,185.5,186.5,182.5,182.5,45163.412
180,2016-10-03,186.0,186.5,184.5,186.0,18987.856
181,2016-10-04,185.0,187.0,185.0,187.0,17139.682
182,2016-10-05,186.0,186.0,184.5,186.0,19144.379
183,2016-10-06,185.0,187.5,185.0,187.5,15715.729
184,2016-10-07,188.0,188.0,186.0,188.0,15870.415
185,2016-10-11,191.0,191.0,186.0,187.5,31107.793
186,2016-10-12,186.5,190.0,186.0,189.5,24592.212
187,2016-10-13,190.5,191.0,187.0,188.5,40728.212
188,2016-10-14,187.0,189.0,186.5,188.0,34340.209
189,2016-10-17,186.5,187.5,185.0,186.5,37878.27
190,2016-10-18,186.5,187.0,185.5,187.0,40651.809
191,2016-10-19,187.5,189.5,187.5,189.5,38143.867
192,2016-10-20,189.5,190.5,189.0,190.5,15736.203
193,2016-10-21,191.0,192.0,188.5,188.5,22316.844
194,2016-10-24,191.0,191.0,189.5,191.0,14381.349
195,2016-10-25,192.0,193.0,191.0,193.0,19145.94
196,2016-10-26,190.5,192.5,190.5,191.5,24885.036
197,2016-10-27,191.5,191.5,188.5,188.5,26883.192
198,2016-10-28,189.5,190.0,188.5,189.5,33106.885
199,2016-10-31,189.0,190.5,186.5,188.5,25830.651
200,2016-11-01,188.5,189.5,187.5,189.5,15128.851
201,2016-11-02,187.5,188.0,186.0,186.0,16529.619
202,2016-11-03,185.5,186.5,184.5,184.5,25531.563
203,2016-11-04,184.5,186.0,184.0,184.5,15107.076
204,2016-11-07,186.5,189.0,186.0,189.0,21430.225
205,2016-11-08,190.0,190.0,188.0,188.5,15954.387
206,2016-11-09,190.0,190.5,182.0,182.0,55579.0
207,2016-11-10,187.0,188.0,185.5,185.5,38869.432
208,2016-11-11,181.5,183.0,181.0,181.5,67636.187
209,2016-11-14,181.0,182.0,180.0,180.5,48032.589
210,2016-11-15,179.5,182.0,179.0,180.0,33528.517
211,2016-11-16,180.5,183.0,180.0,180.0,35293.77
212,2016-11-17,182.0,182.5,180.5,181.5,23256.023
213,2016-11-18,181.5,181.5,180.0,181.0,23731.433
214,2016-11-21,180.5,181.5,180.0,181.0,15622.673
215,2016-11-22,182.0,185.0,181.5,184.0,31348.118
216,2016-11-23,184.5,186.5,184.0,185.5,23068.606
217,2016-11-24,184.0,185.0,183.0,183.0,19098.768
218,2016-11-25,182.5,183.5,182.0,182.0,10226.87
219,2016-11-28,181.5,184.0,181.5,184.0,22360.419
220,2016-11-29,183.5,185.0,182.0,182.0,26894.638
221,2016-11-30,181.5,183.0,181.5,183.0,54053.279
222,2016-12-01,182.0,183.0,181.5,183.0,13923.341
223,2016-12-02,179.0,179.5,178.0,178.0,53946.366
224,2016-12-05,178.0,180.0,178.0,179.0,32249.536
225,2016-12-06,181.0,183.0,180.5,182.0,27728.861
226,2016-12-07,183.0,183.5,181.5,181.5,14529.26
227,2016-12-08,184.0,185.5,183.0,185.5,27276.757
228,2016-12-09,186.0,186.0,184.5,186.0,24890.768
229,2016-12-12,186.0,187.0,184.0,185.0,18817.929
230,2016-12-13,186.5,186.5,184.5,186.0,23692.594
231,2016-12-14,186.5,187.5,185.5,187.5,16768.971
232,2016-12-15,185.0,187.5,184.5,187.0,24244.941
233,2016-12-16,185.5,187.0,185.0,185.0,36266.938
234,2016-12-19,184.0,184.5,182.5,182.5,20553.355
235,2016-12-20,181.0,182.5,180.0,182.5,24243.414
236,2016-12-21,181.0,182.0,180.0,180.0,32234.176
237,2016-12-22,180.0,180.5,179.0,179.0,26509.271
238,2016-12-23,179.0,180.0,178.5,178.5,24376.885
239,2016-12-26,179.0,180.0,179.0,179.5,5694.358
240,2016-12-27,180.0,180.5,179.5,180.0,8276.087
241,2016-12-28,181.0,182.0,180.5,182.0,21441.126
242,2016-12-29,180.0,181.5,180.0,180.0,30211.764
243,2016-12-30,181.0,182.5,180.0,181.5,36748.382
0,2017-01-03,181.5,183.5,181.0,183.0,23550.783
1,2017-01-04,183.0,184.0,181.5,183.0,24482.374
2,2017-01-05,182.0,183.5,181.5,183.5,21373.561
3,2017-01-06,184.0,184.5,183.5,184.0,23120.808
4,2017-01-09,184.0,185.0,183.0,184.0,18583.788
5,2017-01-10,184.5,185.5,183.5,184.0,20691.305
6,2017-01-11,185.0,185.0,181.5,182.0,29747.168
7,2017-01-12,182.5,185.5,182.5,184.5,48599.502
8,2017-01-13,180.5,182.5,180.5,181.5,53089.358
9,2017-01-16,180.0,180.5,179.0,179.5,30878.049
10,2017-01-17,180.5,181.0,179.5,181.0,13207.419
11,2017-01-18,180.5,181.0,179.5,181.0,23810.637
12,2017-01-19,179.5,181.0,179.5,180.5,25935.613
13,2017-01-20,181.0,181.5,180.5,181.0,42317.086
14,2017-01-23,182.5,185.0,182.5,185.0,58299.156
15,2017-01-24,185.0,186.5,184.5,185.5,72014.239
16,2017-02-02,188.0,188.5,184.0,184.5,153703.78
17,2017-02-03,186.0,186.0,183.5,184.5,30387.652
18,2017-02-06,184.5,185.5,184.0,184.5,29702.832
19,2017-02-07,183.5,185.0,183.0,184.5,23981.988
20,2017-02-08,183.5,184.5,183.0,183.5,45607.272
21,2017-02-09,184.0,185.5,183.5,184.0,23419.788
22,2017-02-10,184.5,185.5,184.0,185.5,49257.38
23,2017-02-13,186.5,188.0,186.5,187.5,26155.819
24,2017-02-14,189.0,190.0,187.5,187.5,46716.94
25,2017-02-15,187.0,189.5,186.5,189.0,39928.274
26,2017-02-16,190.0,190.5,188.0,189.0,28371.087
27,2017-02-17,190.0,190.5,189.0,189.5,20407.88
28,2017-02-18,190.0,190.5,189.5,189.5,3517.102
29,2017-02-20,190.0,190.5,189.5,190.0,13280.401
30,2017-02-21,190.0,190.0,188.5,190.0,31987.532
31,2017-02-22,190.5,191.0,188.5,188.5,26144.905
32,2017-02-23,188.0,189.5,187.0,188.5,36095.621
33,2017-02-24,187.5,190.5,187.5,189.0,26177.021
34,2017-03-01,188.5,188.5,186.0,186.0,48263.273
35,2017-03-02,188.0,188.5,185.0,186.0,40879.671
36,2017-03-03,184.5,185.0,184.0,184.0,28213.61
37,2017-03-06,184.0,184.5,183.5,183.5,12633.329
38,2017-03-07,184.0,185.5,184.0,185.5,22816.387
39,2017-03-08,186.0,188.0,185.5,187.0,38657.077
40,2017-03-09,185.5,186.0,184.0,184.5,31119.469
41,2017-03-10,184.0,184.5,183.0,183.5,24886.297
42,2017-03-13,185.0,186.5,185.0,186.5,11025.355
43,2017-03-14,188.0,188.0,186.0,186.0,24373.221
44,2017-03-15,185.5,187.0,185.5,186.5,14147.168
45,2017-03-16,188.0,190.0,188.0,190.0,32452.964
46,2017-03-17,189.5,191.5,189.0,191.5,38698.064
47,2017-03-20,191.5,191.5,189.5,191.5,16531.62
48,2017-03-21,192.0,195.0,191.5,195.0,33662.234
49,2017-03-22,192.5,193.5,191.5,193.5,27766.559
50,2017-03-23,192.0,193.5,192.0,193.5,18831.295
51,2017-03-24,192.0,193.0,192.0,192.5,17722.202
52,2017-03-27,194.5,194.5,192.0,193.0,29867.998
53,2017-03-28,195.0,195.0,192.5,194.5,39522.318
54,2017-03-29,194.5,194.5,191.0,191.5,33839.4
55,2017-03-30,192.5,193.0,190.5,191.5,30716.971
56,2017-03-31,191.0,192.0,189.0,189.0,33996.9
57,2017-04-05,189.5,193.0,189.5,193.0,45116.406
58,2017-04-06,193.0,193.0,191.0,191.5,17417.037
59,2017-04-07,192.0,192.0,188.5,191.0,19066.095
60,2017-04-10,191.0,191.5,189.5,190.0,17388.929
61,2017-04-11,190.0,191.0,189.0,191.0,9788.922
62,2017-04-12,190.5,191.5,190.0,191.0,17418.048
63,2017-04-13,189.5,192.0,189.5,191.5,14796.174
64,2017-04-14,189.5,189.5,188.0,189.0,31317.585
65,2017-04-17,189.0,189.0,187.5,187.5,17111.522
66,2017-04-18,188.0,189.5,187.5,188.0,28732.77
67,2017-04-19,187.5,187.5,186.5,186.5,31171.199
68,2017-04-20,186.5,188.0,186.5,187.0,32697.485
69,2017-04-21,187.5,190.0,187.5,190.0,19034.232
70,2017-04-24,191.0,191.5,188.5,190.0,29572.675
71,2017-04-25,190.5,192.0,189.5,192.0,31952.889
72,2017-04-26,192.0,192.0,190.5,191.0,31119.972
73,2017-04-27,192.0,193.0,190.5,193.0,35812.934
74,2017-04-28,193.5,194.5,193.0,194.5,38381.021
75,2017-05-02,198.5,199.0,195.5,196.5,45851.963
76,2017-05-03,198.0,198.5,197.0,198.0,27240.962
77,2017-05-04,198.5,199.0,197.0,198.0,22194.084
78,2017-05-05,197.0,198.5,197.0,197.5,17618.358
79,2017-05-08,199.0,202.5,199.0,202.5,39591.009
80,2017-05-09,205.5,207.0,203.5,203.5,48285.324
81,2017-05-10,204.0,206.0,204.0,205.5,31075.759
82,2017-05-11,204.5,208.5,204.0,207.5,44286.097
83,2017-05-12,205.0,207.0,205.0,206.0,25507.045
84,2017-05-15,204.0,206.0,204.0,206.0,25922.334
85,2017-05-16,205.0,205.0,203.5,204.5,36604.672
86,2017-05-17,203.0,204.0,203.0,204.0,22606.38
87,2017-05-18,202.5,204.0,201.5,203.5,22490.217
88,2017-05-19,203.5,204.5,202.5,203.0,17163.108
89,2017-05-22,203.5,205.0,203.0,205.0,17419.705
90,2017-05-23,205.0,207.0,204.5,205.0,23028.298
91,2017-05-24,205.0,206.0,205.0,205.5,18307.715
92,2017-05-25,206.0,207.0,205.5,207.0,26088.748
93,2017-05-26,205.0,207.0,205.0,207.0,32976.727
94,2017-05-31,206.5,207.0,203.0,203.0,67935.145
95,2017-06-01,205.0,207.0,204.5,207.0,29623.649
96,2017-06-02,208.5,209.0,207.5,209.0,23265.323
97,2017-06-03,209.0,209.0,208.0,209.0,1535.23
98,2017-06-05,209.5,212.0,209.0,212.0,22545.164
99,2017-06-06,210.5,211.5,210.5,210.5,15382.025
100,2017-06-07,212.0,212.5,210.0,211.5,34729.326
101,2017-06-08,212.0,213.0,211.5,213.0,21654.488
102,2017-06-09,214.5,215.0,212.0,212.0,35190.159
103,2017-06-12,207.0,210.0,207.0,207.5,63111.746
104,2017-06-13,207.0,208.5,206.5,208.0,49983.303
105,2017-06-14,208.5,209.5,206.0,207.0,39083.899
106,2017-06-15,207.5,208.0,207.0,208.0,19486.457
107,2017-06-16,207.5,212.0,207.0,211.5,32856.536
108,2017-06-19,211.0,213.0,210.5,213.0,17489.571
109,2017-06-20,215.0,218.0,214.5,216.5,28784.1
110,2017-06-21,216.0,217.0,214.5,215.5,45384.482
111,2017-06-22,217.0,218.0,216.5,218.0,26094.649
112,2017-06-23,218.0,218.5,217.0,217.0,39686.091
113,2017-06-26,212.0,215.0,212.0,215.0,60140.797
114,2017-06-27,214.0,214.0,211.0,211.5,44504.785
115,2017-06-28,209.5,210.0,208.0,208.5,52273.921
116,2017-06-29,210.5,210.5,208.5,210.0,27049.234
117,2017-06-30,206.5,208.5,206.5,208.5,31709.978
118,2017-07-03,207.5,209.0,207.0,209.0,21066.605
119,2017-07-04,208.0,208.5,207.0,207.0,21592.272
120,2017-07-05,207.0,208.5,206.5,208.5,23463.03
121,2017-07-06,208.0,208.5,207.0,207.5,15260.726
122,2017-07-07,207.0,207.5,205.5,206.0,21567.705
123,2017-07-10,206.5,207.0,206.0,206.0,13326.526
124,2017-07-11,208.0,212.0,207.5,212.0,34593.975
125,2017-07-12,211.0,212.5,210.5,210.5,26887.728
126,2017-07-13,212.0,216.0,211.5,214.5,50136.849
127,2017-07-14,213.0,214.5,212.0,213.0,22364.167
128,2017-07-17,215.0,215.5,211.5,213.0,21400.126
129,2017-07-18,213.0,214.0,212.0,214.0,18756.453
130,2017-07-19,212.5,215.0,212.5,214.5,20661.381
131,2017-07-20,215.0,215.5,214.0,215.5,20795.77
132,2017-07-21,214.0,215.0,213.5,214.0,15422.136
133,2017-07-24,213.5,214.5,213.0,214.5,20002.702
134,2017-07-25,214.0,214.5,213.5,214.0,13853.196
135,2017-07-26,215.0,215.0,212.5,213.0,15900.563
136,2017-07-27,213.5,216.0,213.5,215.5,23045.021
137,2017-07-28,213.0,214.0,212.5,213.0,21121.133
138,2017-07-31,211.5,214.5,211.5,214.5,20363.314
139,2017-08-01,212.5,214.0,212.0,212.0,20314.999
140,2017-08-02,214.0,216.0,214.0,216.0,30528.035
141,2017-08-03,213.0,214.0,212.5,213.5,27097.397
142,2017-08-04,213.5,214.0,212.5,213.0,22187.42
143,2017-08-07,213.5,216.5,213.5,216.0,21594.977
144,2017-08-08,217.5,219.0,216.0,217.5,25223.804
145,2017-08-09,215.0,215.5,213.5,214.5,28129.447
146,2017-08-10,215.5,215.5,212.5,214.0,27440.049
147,2017-08-11,211.0,213.5,210.5,212.5,41592.129
148,2017-08-14,213.5,214.0,210.0,211.0,29414.616
149,2017-08-15,213.0,214.5,213.0,214.0,14385.915
150,2017-08-16,214.5,214.5,211.0,213.0,25206.99
151,2017-08-17,213.5,214.0,213.0,214.0,8353.232
152,2017-08-18,212.0,213.0,211.0,212.5,14363.526
153,2017-08-21,212.5,213.0,211.5,211.5,13847.499
154,2017-08-22,213.5,214.5,213.0,214.5,17330.415
155,2017-08-23,215.5,216.0,214.0,215.5,11757.917
156,2017-08-24,216.0,217.0,215.5,217.0,15426.842
157,2017-08-25,217.5,217.5,216.0,217.5,10975.387
158,2017-08-28,215.0,216.5,215.0,216.0,16512.159
159,2017-08-29,216.0,216.0,215.0,216.0,16561.161
160,2017-08-30,216.0,218.0,216.0,217.5,19674.31
161,2017-08-31,217.5,218.0,215.5,216.5,26945.202
162,2017-09-01,215.0,217.5,215.0,216.5,17805.405
163,2017-09-04,216.5,218.0,215.5,217.5,15053.185
164,2017-09-05,218.0,218.0,216.5,218.0,34514.275
165,2017-09-06,216.5,218.0,216.0,217.0,28148.528
166,2017-09-07,218.0,218.5,216.0,217.0,19198.54
167,2017-09-08,217.0,218.0,216.5,218.0,25512.045
168,2017-09-11,219.0,219.5,216.5,217.0,19387.886
169,2017-09-12,219.0,219.5,217.5,219.0,24862.321
170,2017-09-13,217.5,219.0,217.5,218.0,18336.541
171,2017-09-14,218.5,219.0,217.5,218.5,21508.567
172,2017-09-15,218.5,219.0,217.0,218.5,48901.103
173,2017-09-18,219.0,220.0,218.0,219.5,17812.705
174,2017-09-19,221.5,221.5,220.0,221.5,26255.575
175,2017-09-20,221.0,222.0,220.0,221.5,23434.237
176,2017-09-21,221.0,223.0,220.0,221.0,18645.565
177,2017-09-22,221.5,222.0,218.5,218.5,22456.37
178,2017-09-25,217.5,218.5,217.0,217.0,17458.286
179,2017-09-26,217.5,218.0,214.0,214.0,25003.901
180,2017-09-27,217.5,217.5,215.0,215.0,24794.51
181,2017-09-28,215.0,216.0,213.5,214.0,31616.062
182,2017-09-29,216.0,217.5,215.5,216.5,23954.708
183,2017-09-30,218.0,218.5,216.5,216.5,4254.045
184,2017-10-02,219.5,220.5,218.5,220.5,28360.551
185,2017-10-03,219.0,223.0,219.0,222.5,38330.938
186,2017-10-05,222.0,225.5,222.0,224.5,25397.939
187,2017-10-06,225.0,225.5,223.5,224.5,16040.516
188,2017-10-11,226.5,233.5,226.5,233.0,67649.562
189,2017-10-12,235.0,237.5,234.5,237.5,44176.186
190,2017-10-13,237.5,237.5,234.5,237.5,23145.071
191,2017-10-16,237.5,238.0,236.0,238.0,20673.072
192,2017-10-17,238.0,238.0,235.0,235.5,17652.304
193,2017-10-18,239.5,239.5,237.0,237.5,28970.85
194,2017-10-19,239.5,241.5,239.0,239.0,23481.776
195,2017-10-20,238.0,239.5,237.5,237.5,27056.035
196,2017-10-23,239.0,240.0,238.5,239.0,15959.559
197,2017-10-24,240.0,240.0,238.0,238.0,16100.57
198,2017-10-25,238.5,239.0,237.5,238.0,17205.187
199,2017-10-26,237.0,238.0,236.0,236.0,12959.717
200,2017-10-27,237.5,240.0,237.5,239.0,18040.541
201,2017-10-30,242.0,245.0,241.5,243.0,30241.99
202,2017-10-31,243.5,245.0,241.5,243.0,22582.013
203,2017-11-01,243.5,245.0,241.5,242.5,20465.054
204,2017-11-02,242.0,242.5,240.5,241.0,16309.342
205,2017-11-03,240.5,241.0,238.5,239.0,18327.682
206,2017-11-06,243.5,244.0,239.0,239.5,21029.515
207,2017-11-07,242.0,244.0,241.5,244.0,21689.261
208,2017-11-08,243.0,243.5,242.0,242.5,14579.103
209,2017-11-09,240.5,243.0,240.0,241.0,21366.949
210,2017-11-10,240.0,242.0,239.5,240.5,15061.296
211,2017-11-13,240.0,241.5,239.5,239.5,12087.858
212,2017-11-14,241.0,241.0,239.0,240.0,17229.176
213,2017-11-15,239.0,239.5,236.0,237.5,29720.308
214,2017-11-16,238.0,240.0,237.5,238.0,17274.172
215,2017-11-17,240.5,242.5,240.5,241.5,18741.825
216,2017-11-20,241.0,241.5,238.0,238.5,19811.271
217,2017-11-21,240.0,243.0,239.5,243.0,22878.024
218,2017-11-22,244.5,244.5,242.0,242.0,27251.431
219,2017-11-23,242.0,243.5,241.5,242.5,9562.763
220,2017-11-24,242.0,244.5,241.5,244.0,11404.453
221,2017-11-27,240.0,240.0,237.0,237.0,32247.327
222,2017-11-28,234.5,235.0,233.0,234.0,47834.178
223,2017-11-29,235.0,236.0,234.5,234.5,26535.797
224,2017-11-30,226.5,230.5,226.0,226.0,112262.77
225,2017-12-01,228.5,233.5,227.5,231.0,38356.265
226,2017-12-04,232.5,234.5,231.0,234.0,22939.032
227,2017-12-05,231.0,231.0,228.5,229.5,30189.765
228,2017-12-06,228.0,229.5,226.5,227.0,34031.69
229,2017-12-07,226.5,226.5,222.5,226.5,41619.903
230,2017-12-08,231.0,231.0,224.5,227.0,38183.26
231,2017-12-11,228.5,229.0,227.0,227.5,20649.609
232,2017-12-12,229.5,229.5,225.0,227.5,28188.584
233,2017-12-13,227.5,228.0,226.5,227.0,19619.331
234,2017-12-14,228.0,230.5,227.5,230.5,17263.313
235,2017-12-15,228.5,230.0,226.5,230.0,42725.779
236,2017-12-18,227.0,228.0,226.5,227.0,15702.664
237,2017-12-19,226.5,228.5,224.0,225.0,25899.129
238,2017-12-20,225.0,225.5,223.5,224.5,34514.333
239,2017-12-21,226.5,227.0,224.5,225.0,20826.164
240,2017-12-22,225.0,227.5,224.0,227.5,19106.483
241,2017-12-25,228.0,229.5,226.5,228.5,4579.675
242,2017-12-26,229.0,229.0,225.0,226.0,13755.843
243,2017-12-27,225.0,226.0,225.0,225.0,12515.245
244,2017-12-28,226.5,228.0,225.0,226.0,24370.371
245,2017-12-29,227.5,230.0,226.5,229.5,25610.443
0,2018-01-02,231.5,232.5,231.0,232.5,18055.269
1,2018-01-03,236.0,238.0,235.5,237.0,31706.091
2,2018-01-04,240.0,240.0,236.5,239.5,29179.613
3,2018-01-05,240.0,240.0,238.0,240.0,23721.255
4,2018-01-08,242.0,242.5,240.5,242.0,21846.692
5,2018-01-09,242.0,242.0,239.5,242.0,19043.123
6,2018-01-10,241.5,242.0,236.0,236.5,25716.22
7,2018-01-11,235.0,236.0,232.5,235.0,32070.338
8,2018-01-12,234.5,238.0,233.5,237.0,23141.291
9,2018-01-15,240.0,240.0,238.0,240.0,28576.533
10,2018-01-16,240.0,240.5,238.0,240.5,23407.632
11,2018-01-17,240.5,243.0,239.0,242.0,38118.119
12,2018-01-18,245.0,250.0,245.0,248.5,50119.952
13,2018-01-19,253.5,255.5,251.5,255.5,55061.292
14,2018-01-22,257.5,262.0,257.0,261.5,45907.509
15,2018-01-23,262.5,266.0,262.5,266.0,34606.444
16,2018-01-24,263.0,263.0,256.5,258.0,42600.813
17,2018-01-25,258.0,264.0,256.5,258.0,46214.756
18,2018-01-26,256.5,257.5,253.5,255.0,43514.523
19,2018-01-29,259.0,261.5,255.0,258.5,31306.234
20,2018-01-30,256.0,257.5,252.5,253.0,37410.591
21,2018-01-31,253.0,257.5,252.0,255.0,45807.808
22,2018-02-01,257.5,261.0,257.0,259.5,30900.457
23,2018-02-02,259.0,260.0,255.0,259.5,25707.56
24,2018-02-05,251.0,254.5,250.5,253.0,46554.379
25,2018-02-06,242.5,243.5,234.0,239.0,104448.048
26,2018-02-07,245.0,245.5,239.5,240.0,82299.178
27,2018-02-08,239.5,242.0,238.0,238.5,31192.55
28,2018-02-09,230.0,233.0,228.5,232.5,65939.265
29,2018-02-12,235.5,237.5,235.0,236.5,42917.236
30,2018-02-21,244.5,244.5,242.0,242.5,76396.174
31,2018-02-22,244.0,244.0,239.0,239.5,45492.993
32,2018-02-23,241.0,245.0,241.0,245.0,26985.776
33,2018-02-26,247.0,247.5,245.0,246.5,36165.81
34,2018-02-27,250.5,250.5,246.0,246.0,44699.119
35,2018-03-01,244.0,245.0,242.0,243.0,43847.984
36,2018-03-02,240.0,241.0,238.5,240.0,35289.17
37,2018-03-05,242.5,243.0,240.5,241.5,27337.846
38,2018-03-06,245.5,250.0,245.5,250.0,36945.78
39,2018-03-07,248.0,248.5,246.0,247.0,30391.219
40,2018-03-08,249.5,251.5,249.0,249.5,20645.694
41,2018-03-09,250.0,251.0,248.5,250.5,22887.063
42,2018-03-12,252.0,255.0,251.5,254.0,25100.615
43,2018-03-13,255.5,259.0,255.0,259.0,34264.883
44,2018-03-14,256.5,257.5,255.5,257.0,24254.838
45,2018-03-15,258.0,258.0,255.0,255.0,19396.493
46,2018-03-16,253.0,256.0,249.5,255.0,62989.326
47,2018-03-19,252.5,255.5,251.0,255.0,22440.766
48,2018-03-20,253.0,254.0,251.5,253.0,22335.151
49,2018-03-21,255.0,255.0,251.0,252.5,32977.737
50,2018-03-22,254.5,254.5,249.5,251.5,27000.718
51,2018-03-23,245.0,247.0,244.0,245.0,52974.39
52,2018-03-26,241.5,244.5,241.5,243.5,39487.945
53,2018-03-27,248.0,251.0,247.0,251.0,31100.26
54,2018-03-28,247.5,248.0,244.0,245.0,29924.411
55,2018-03-29,243.0,247.0,242.5,244.0,36427.345
56,2018-03-30,247.5,249.5,246.0,246.0,16996.346
57,2018-03-31,247.5,249.0,246.5,247.5,3603.912
58,2018-04-02,248.5,249.0,245.0,246.5,19029.003
59,2018-04-03,243.0,244.5,242.0,244.0,35813.944
60,2018-04-09,248.0,248.0,243.5,245.0,35465.824
61,2018-04-10,244.5,249.0,243.5,245.5,25268.994
62,2018-04-11,246.5,248.5,246.5,248.0,21777.935
63,2018-04-12,248.5,248.5,244.0,245.0,20476.657
64,2018-04-13,246.0,246.0,244.0,244.5,19946.548
65,2018-04-16,243.0,244.0,242.0,243.5,21608.528
66,2018-04-17,243.0,243.5,237.5,238.0,42756.389
67,2018-04-18,239.5,241.5,236.5,238.0,44768.048
68,2018-04-19,242.0,244.5,241.0,244.5,33230.989
69,2018-04-20,228.0,231.5,228.0,229.0,129890.087
70,2018-04-23,226.5,227.5,225.0,226.5,71901.975
71,2018-04-24,225.0,227.5,225.0,227.0,45206.892
72,2018-04-25,225.5,226.0,224.0,225.0,48975.11
73,2018-04-26,225.0,225.5,221.0,222.0,48176.657
74,2018-04-27,225.0,225.5,221.0,223.5,34443.459
75,2018-04-30,224.5,228.0,222.5,227.0,28500.789
76,2018-05-02,227.0,227.5,222.5,223.0,38436.942
77,2018-05-03,221.0,222.5,220.0,220.5,33507.731
78,2018-05-04,221.0,224.0,220.5,223.0,28477.722
79,2018-05-07,225.0,225.5,221.5,223.5,23751.759
80,2018-05-08,224.0,228.5,223.5,228.0,40324.763
81,2018-05-09,228.5,232.0,228.5,229.5,35597.934
82,2018-05-10,231.0,231.5,229.0,229.5,27530.377
83,2018-05-11,232.0,234.0,230.5,233.0,30693.91
84,2018-05-14,234.5,234.5,232.5,233.0,23577.637
85,2018-05-15,233.5,234.0,229.5,230.5,23771.769
86,2018-05-16,229.5,230.5,228.5,230.5,14834.107
87,2018-05-17,231.0,231.5,226.5,226.5,27702.737
88,2018-05-18,225.5,227.5,223.5,223.5,28187.541
89,2018-05-21,225.0,230.0,225.0,229.0,16417.815
90,2018-05-22,230.0,233.5,229.0,229.0,22422.097
91,2018-05-23,231.5,231.5,228.5,228.5,26737.899
92,2018-05-24,229.5,230.0,228.5,229.0,13450.61
93,2018-05-25,228.5,229.5,228.0,228.5,16486.294
94,2018-05-28,229.5,230.0,226.5,227.0,17673.27
95,2018-05-29,226.5,226.5,223.5,225.0,25770.776
96,2018-05-30,224.0,224.0,220.5,221.0,49667.788
97,2018-05-31,221.5,224.0,220.5,224.0,96587.458
98,2018-06-01,224.5,226.5,224.0,224.0,36652.094
99,2018-06-04,227.5,229.0,227.0,229.0,31257.48
100,2018-06-05,230.0,230.0,226.5,229.0,27714.384
101,2018-06-06,229.0,230.0,227.0,230.0,30375.441
102,2018-06-07,231.0,231.5,228.0,230.0,25277.266
103,2018-06-08,229.0,229.0,226.0,227.0,24192.851
104,2018-06-11,226.5,227.0,225.0,226.0,22028.933
105,2018-06-12,225.0,229.0,224.0,229.0,30189.36
106,2018-06-13,229.0,232.0,228.0,232.0,36081.12
107,2018-06-14,230.0,230.0,226.5,226.5,36932.041
108,2018-06-15,225.0,231.0,224.0,231.0,49506.679
109,2018-06-19,225.5,226.0,224.0,225.0,61142.624
110,2018-06-20,224.5,227.5,223.5,226.0,40708.701
111,2018-06-21,227.5,228.0,226.0,226.5,32572.707
112,2018-06-22,224.5,227.5,224.0,227.5,44211.409
113,2018-06-25,220.0,220.5,218.0,218.0,49058.211
114,2018-06-26,215.5,216.0,212.5,214.5,43080.346
115,2018-06-27,216.0,216.0,212.5,213.0,40863.414
116,2018-06-28,211.0,214.5,210.0,212.0,38816.78
117,2018-06-29,212.0,217.0,212.0,216.5,36848.68
118,2018-07-02,218.5,219.0,214.0,214.0,33496.442
119,2018-07-03,215.5,218.0,213.5,214.5,28663.22
120,2018-07-04,217.0,217.5,215.5,216.0,15359.295
121,2018-07-05,214.0,215.0,213.0,214.5,18225.416
122,2018-07-06,217.5,217.5,215.0,217.0,31344.962
123,2018-07-09,219.5,223.0,218.5,221.5,41165.793
124,2018-07-10,223.0,224.0,222.0,222.0,20196.957
125,2018-07-11,220.0,220.0,218.0,220.0,19854.69
126,2018-07-12,218.0,222.0,218.0,220.5,23806.051
127,2018-07-13,222.5,224.5,222.5,224.5,30419.311
128,2018-07-16,224.5,225.0,223.5,223.5,16107.254
129,2018-07-17,222.5,223.5,221.0,221.5,22554.436
130,2018-07-18,223.0,224.0,222.0,223.0,45802.658
131,2018-07-19,225.5,227.0,224.5,224.5,43976.216
132,2018-07-20,235.0,237.5,233.0,237.5,103652.023
133,2018-07-23,239.0,245.0,238.5,241.0,52269.877
134,2018-07-24,240.0,241.5,238.5,241.0,27468.267
135,2018-07-25,239.0,241.0,239.0,240.5,21530.312
136,2018-07-26,241.0,242.5,239.5,241.0,30856.388
137,2018-07-27,242.0,244.5,241.0,244.5,27129.646
138,2018-07-30,244.5,245.5,244.0,245.5,22803.73
139,2018-07-31,243.5,246.0,242.0,246.0,28202.542
140,2018-08-01,247.0,248.0,246.5,248.0,29777.161
141,2018-08-02,249.0,249.5,243.5,244.5,22775.11
142,2018-08-03,246.0,248.0,245.0,247.0,25165.097
143,2018-08-06,245.0,247.0,244.0,245.5,22364.568
144,2018-08-07,245.0,245.5,241.5,241.5,24352.418
145,2018-08-08,245.0,247.5,244.5,247.5,24382.432
146,2018-08-09,247.0,248.0,246.0,247.0,15128.655
147,2018-08-10,246.5,247.0,244.5,245.0,16125.492
148,2018-08-13,241.5,243.0,239.0,240.5,17881.194
149,2018-08-14,245.0,245.0,242.5,243.5,17488.913
150,2018-08-15,244.5,244.5,239.5,241.5,19236.321
151,2018-08-16,238.0,241.5,238.0,239.0,19155.966
152,2018-08-17,239.5,241.0,239.0,239.5,19634.474
153,2018-08-20,239.5,240.0,238.0,239.5,17014.437
154,2018-08-21,239.0,241.0,238.5,241.0,13871.127
155,2018-08-22,241.5,242.5,240.5,242.0,12679.24
156,2018-08-23,243.0,244.5,243.0,244.5,17216.24
157,2018-08-24,245.5,246.0,243.0,243.5,15446.943
158,2018-08-27,246.0,246.5,244.5,245.0,15579.299
159,2018-08-28,248.5,250.0,248.0,249.5,40410.531
160,2018-08-29,253.5,259.0,253.5,259.0,57633.182
161,2018-08-30,264.5,268.0,262.5,263.5,52622.808
162,2018-08-31,257.5,259.0,254.0,256.0,70000.506
163,2018-09-03,259.0,260.0,256.5,257.0,34510.555
164,2018-09-04,258.5,259.5,255.5,257.5,41455.615
165,2018-09-05,260.0,264.5,259.0,264.0,52706.459
166,2018-09-06,268.0,268.0,261.0,261.0,39779.488
167,2018-09-07,263.0,264.0,260.5,264.0,44746.728
168,2018-09-10,266.5,266.5,262.5,264.5,62851.599
169,2018-09-11,263.0,263.5,258.0,260.0,44981.276
170,2018-09-12,261.0,262.0,258.0,260.5,38415.965
171,2018-09-13,260.0,260.0,253.5,255.0,37959.18
172,2018-09-14,257.0,261.5,257.0,261.0,40034.219
173,2018-09-17,262.5,262.5,257.0,258.0,25041.358
174,2018-09-18,256.5,257.0,254.0,254.5,34381.152
175,2018-09-19,258.0,260.0,257.0,258.0,69978.711
176,2018-09-20,261.5,261.5,257.5,260.0,35577.071
177,2018-09-21,261.5,261.5,258.0,261.5,36500.974
178,2018-09-25,261.5,264.0,260.5,263.5,24978.062
179,2018-09-26,263.0,263.5,261.0,263.5,25061.115
180,2018-09-27,264.0,266.0,262.0,265.0,38495.371
181,2018-09-28,266.0,266.0,260.0,262.5,39645.486
182,2018-10-01,262.0,264.0,261.0,263.0,22409.38
183,2018-10-02,262.0,263.0,257.0,257.5,38391.491
184,2018-10-03,257.5,260.0,257.0,260.0,25228.536
185,2018-10-04,257.0,257.5,254.0,254.0,38009.727
186,2018-10-05,250.0,253.0,248.5,250.0,40396.66
187,2018-10-08,245.5,246.5,241.0,243.5,51083.958
188,2018-10-09,243.5,245.0,242.0,244.0,28933.345
189,2018-10-11,233.5,233.5,227.0,227.5,96033.657
190,2018-10-12,231.0,237.0,229.0,237.0,54439.769
191,2018-10-15,234.0,234.0,230.5,230.5,46471.28
192,2018-10-16,229.5,237.0,229.0,237.0,39129.077
193,2018-10-17,241.5,243.0,238.0,238.5,42887.858
194,2018-10-18,238.0,239.0,235.5,236.5,27793.43
195,2018-10-19,231.0,236.5,230.0,236.0,29648.46
196,2018-10-22,232.5,238.0,231.5,237.0,29275.777
197,2018-10-23,232.0,234.0,230.0,230.0,36757.745
198,2018-10-24,230.0,231.0,227.0,229.5,45480.95
199,2018-10-25,220.5,222.0,219.5,219.5,75524.118
200,2018-10-26,223.0,224.0,217.0,221.0,54073.644
201,2018-10-29,223.0,224.0,221.0,222.5,18463.792
202,2018-10-30,221.0,225.0,220.5,223.0,29085.931
203,2018-10-31,228.0,234.0,228.0,234.0,59933.201
204,2018-11-01,236.0,237.0,233.0,235.5,44514.797
205,2018-11-02,236.5,236.5,233.5,236.5,30785.361
206,2018-11-05,233.0,235.5,232.0,235.0,28157.065
207,2018-11-06,234.0,235.5,232.5,234.5,35501.176
208,2018-11-07,233.0,236.0,232.5,234.0,39842.652
209,2018-11-08,237.5,237.5,236.0,236.5,28086.146
210,2018-11-09,234.5,234.5,231.0,231.0,23792.081
211,2018-11-12,230.0,234.5,230.0,231.5,26202.445
212,2018-11-13,224.5,228.0,224.5,227.5,37565.127
213,2018-11-14,230.0,231.0,228.5,228.5,24565.279
214,2018-11-15,229.5,232.0,228.5,231.0,22230.228
215,2018-11-16,229.0,229.0,225.0,226.0,47138.909
216,2018-11-19,225.0,225.0,221.0,222.0,51034.754
217,2018-11-20,219.0,220.5,218.0,218.0,45686.756
218,2018-11-21,214.5,220.0,214.0,219.0,38478.343
219,2018-11-22,221.5,222.0,219.0,219.0,22060.61
220,2018-11-23,220.5,220.5,217.0,218.5,15553.334
221,2018-11-26,219.0,224.0,218.5,223.0,35267.804
222,2018-11-27,220.0,224.5,219.0,224.0,32676.349
223,2018-11-28,222.5,227.0,222.0,226.5,24759.026
224,2018-11-29,231.5,231.5,229.0,229.0,46206.207
225,2018-11-30,229.5,231.0,225.5,225.5,57352.957
226,2018-12-03,231.0,235.0,231.0,235.0,49612.186
227,2018-12-04,233.0,234.5,231.0,234.0,41947.162
228,2018-12-05,226.5,227.5,225.0,226.0,45634.576
229,2018-12-06,220.0,222.0,219.5,220.0,40181.112
230,2018-12-07,222.5,223.5,220.5,221.0,31997.568
231,2018-12-10,219.5,220.0,218.5,219.0,26229.461
232,2018-12-11,220.0,223.0,219.0,222.5,27395.22
233,2018-12-12,223.5,227.0,222.5,226.5,32926.379
234,2018-12-13,227.0,227.5,225.0,226.0,32433.141
235,2018-12-14,223.0,223.5,220.5,222.5,43226.159
236,2018-12-17,221.0,225.0,220.0,223.5,18964.952
237,2018-12-18,221.0,223.0,220.5,222.5,30270.541
238,2018-12-19,222.0,225.5,222.0,225.5,23415.082
239,2018-12-20,221.0,222.5,221.0,221.0,38697.116
240,2018-12-21,219.0,224.0,219.0,223.5,46947.532
241,2018-12-22,220.0,221.5,220.0,221.5,5185.247
242,2018-12-24,221.5,221.5,219.5,220.0,23376.1
243,2018-12-25,215.5,218.0,215.0,217.5,19402.777
244,2018-12-26,218.5,219.5,216.0,216.5,16893.259
245,2018-12-27,222.0,224.0,220.5,223.0,21915.484
246,2018-12-28,223.5,225.5,222.5,225.5,30156.773
0,2019-01-02,226.5,226.5,219.0,219.5,32900.482
1,2019-01-03,214.0,218.0,214.0,215.5,34615.62
2,2019-01-04,211.5,211.5,206.5,208.0,67043.521
3,2019-01-07,212.0,214.0,211.0,213.0,35695.176
4,2019-01-08,212.0,212.5,210.0,211.0,23794.481
5,2019-01-09,212.0,216.5,211.0,215.5,51255.446
6,2019-01-10,216.0,216.5,214.5,216.0,20832.593
7,2019-01-11,219.0,220.5,218.0,220.5,28658.288
8,2019-01-14,218.5,220.0,217.0,218.5,17612.296
9,2019-01-15,216.5,221.0,215.5,221.0,42990.923
10,2019-01-16,218.5,220.0,217.5,217.5,30038.282
11,2019-01-17,218.0,221.0,218.0,220.5,21163.986
12,2019-01-18,219.0,220.0,217.5,218.5,52677.569
13,2019-01-21,220.0,223.0,220.0,221.0,32515.866
14,2019-01-22,220.0,223.0,219.0,223.0,30958.483
15,2019-01-23,221.5,222.0,220.0,220.5,18671.213
16,2019-01-24,222.5,222.5,220.5,222.5,31348.924
17,2019-01-25,226.5,227.0,225.0,226.0,48039.764
18,2019-01-28,229.5,229.5,228.0,229.0,29134.257
19,2019-01-29,222.5,225.0,222.0,222.5,42566.52
20,2019-01-30,220.5,221.5,220.0,221.0,51889.945
21,2019-02-11,228.0,229.0,226.5,228.0,81360.106
22,2019-02-12,230.0,230.0,229.0,230.0,30125.67
23,2019-02-13,232.0,232.0,228.5,229.0,28634.925
24,2019-02-14,229.5,230.0,226.0,227.0,23647.751
25,2019-02-15,229.0,229.0,226.5,227.0,22369.799
26,2019-02-18,229.0,230.5,228.5,230.0,18163.916
27,2019-02-19,230.0,230.5,229.0,229.0,18423.023
28,2019-02-20,231.5,234.5,231.0,234.5,31887.71
29,2019-02-21,235.5,236.5,234.5,236.5,34013.489
30,2019-02-22,235.5,236.5,234.0,236.5,22032.163
31,2019-02-25,237.5,239.0,236.0,238.0,25227.138
32,2019-02-26,239.0,240.0,236.5,239.5,24586.789
33,2019-02-27,238.5,239.5,237.0,239.0,37947.889
34,2019-03-04,239.5,239.5,234.5,235.5,45164.513
35,2019-03-05,234.0,234.5,232.5,233.0,23708.407
36,2019-03-06,235.0,235.5,233.5,234.0,20811.226
37,2019-03-07,235.0,235.0,233.0,234.0,17226.192
38,2019-03-08,231.0,231.5,229.0,230.0,22535.659
39,2019-03-11,228.0,230.5,227.5,230.5,34282.793
40,2019-03-12,233.0,237.0,232.5,235.5,23839.972
41,2019-03-13,234.0,237.0,234.0,237.0,22493.195
42,2019-03-14,239.0,239.0,234.0,234.5,17281.356
43,2019-03-15,237.0,239.5,235.5,239.0,34542.729
44,2019-03-18,239.5,241.0,239.0,241.0,27040.532
45,2019-03-19,239.0,240.5,238.0,240.5,14620.009
46,2019-03-20,242.0,242.0,239.5,242.0,23055.971
47,2019-03-21,242.5,245.5,241.0,245.5,27514.502
48,2019-03-22,248.0,248.5,244.5,248.5,22996.467
49,2019-03-25,240.5,243.5,240.5,241.5,19273.254
50,2019-03-26,243.0,244.0,241.0,244.0,21053.17
51,2019-03-27,242.0,242.5,240.5,241.5,23622.089
52,2019-03-28,240.5,242.5,240.0,242.0,13998.054
53,2019-03-29,243.0,245.5,240.5,245.5,31024.81
54,2019-04-01,251.0,251.0,245.0,245.5,35330.656
55,2019-04-02,249.5,249.5,246.0,246.0,25189.053
56,2019-04-03,249.0,249.0,246.5,246.5,28581.323
57,2019-04-08,251.0,253.0,250.5,253.0,46426.821
58,2019-04-09,253.0,254.0,252.0,254.0,22745.674
59,2019-04-10,253.0,254.5,252.0,254.0,33174.934
60,2019-04-11,253.0,254.0,251.5,252.0,25146.84
61,2019-04-12,251.5,253.0,251.0,252.0,13888.148
62,2019-04-15,255.0,256.0,254.0,255.5,17257.002
63,2019-04-16,257.0,257.0,255.5,257.0,20231.648
64,2019-04-17,260.0,263.0,259.5,261.5,39037.191
65,2019-04-18,264.0,266.0,263.5,264.5,48525.49
66,2019-04-19,269.0,269.5,263.5,264.5,47698.699
67,2019-04-22,266.5,267.5,265.0,266.0,24967.393
68,2019-04-23,266.5,268.0,266.0,268.0,26251.847
69,2019-04-24,270.0,270.0,267.5,269.0,37386.755
70,2019-04-25,268.5,269.0,267.0,267.5,36572.455
71,2019-04-26,262.0,263.0,257.5,260.0,51743.804
72,2019-04-29,260.0,262.0,258.5,259.5,32651.618
73,2019-04-30,260.0,260.5,258.0,259.0,40446.419
74,2019-05-02,261.5,262.5,258.5,259.0,27376.394
75,2019-05-03,262.0,265.0,260.5,265.0,30200.246
76,2019-05-06,260.0,260.0,258.0,259.0,33688.187
77,2019-05-07,259.5,263.0,259.0,262.5,25686.126
78,2019-05-08,260.0,261.5,259.5,260.0,25902.364
79,2019-05-09,259.5,259.5,256.0,256.5,34166.574
80,2019-05-10,257.0,259.0,255.0,256.0,18868.212
81,2019-05-13,253.0,254.0,249.5,250.5,29317.535
82,2019-05-14,247.5,251.0,245.0,248.5,45620.708
83,2019-05-15,251.0,252.0,249.0,249.0,37223.479
84,2019-05-16,248.5,249.5,246.0,247.0,30331.519
85,2019-05-17,249.0,249.0,241.5,241.5,40006.856
86,2019-05-20,242.5,243.0,238.0,238.0,47097.661
87,2019-05-21,233.5,236.0,232.5,234.0,82872.775
88,2019-05-22,236.5,240.5,235.5,238.0,36289.034
89,2019-05-23,233.5,233.5,230.0,230.0,62258.627
90,2019-05-24,230.0,234.0,230.0,233.0,38226.789
91,2019-05-27,234.0,235.0,231.0,231.0,37447.033
92,2019-05-28,232.0,232.0,230.5,230.5,99322.033
93,2019-05-29,228.0,230.5,227.0,229.5,32260.236
94,2019-05-30,230.0,231.5,229.0,231.0,40375.328
95,2019-05-31,232.0,237.5,231.0,235.5,49163.217
96,2019-06-03,235.5,238.5,232.0,238.0,36687.092
97,2019-06-04,237.5,238.0,233.0,233.0,24443.428
98,2019-06-05,238.0,238.0,234.0,235.0,35901.584
99,2019-06-06,231.5,232.0,229.5,232.0,34651.731
100,2019-06-10,237.5,240.0,234.5,240.0,35521.888
101,2019-06-11,240.0,246.0,239.0,244.5,34691.67
102,2019-06-12,244.5,247.5,243.0,246.0,30409.556
103,2019-06-13,242.5,244.0,240.0,240.0,33731.724
104,2019-06-14,238.5,239.5,236.0,236.0,35403.556
105,2019-06-17,231.5,235.0,230.5,233.0,51692.012
106,2019-06-18,234.0,235.5,233.0,235.5,28798.087
107,2019-06-19,242.5,244.0,240.5,244.0,50234.372
108,2019-06-20,242.0,245.5,241.0,245.0,39717.291
109,2019-06-21,248.0,248.5,246.0,248.5,62136.304
110,2019-06-24,241.0,242.0,240.0,241.0,43460.507
111,2019-06-25,241.0,241.5,237.0,238.5,29735.283
112,2019-06-26,235.0,236.5,234.0,234.5,28770.041
113,2019-06-27,236.0,241.5,236.0,240.5,42007.834
114,2019-06-28,241.5,241.5,238.0,239.0,28085.212
115,2019-07-01,245.5,250.0,245.0,248.5,66370.875
116,2019-07-02,249.5,250.0,247.5,249.0,26832.202
117,2019-07-03,244.0,245.0,242.0,242.5,29549.774
118,2019-07-04,244.5,245.0,242.5,244.0,18691.24
119,2019-07-05,244.5,245.0,241.5,243.0,27317.074
120,2019-07-08,240.0,244.5,240.0,242.5,29190.909
121,2019-07-09,241.5,243.0,240.5,242.0,16538.987
122,2019-07-10,243.0,247.0,243.0,247.0,23812.131
123,2019-07-11,250.0,250.0,247.5,250.0,31296.289
124,2019-07-12,252.0,252.0,249.5,250.5,23868.432
125,2019-07-15,251.0,254.5,249.5,254.5,34264.3
126,2019-07-16,254.0,256.5,253.5,256.0,26141.249
127,2019-07-17,254.0,254.0,251.0,252.0,34346.648
128,2019-07-18,252.0,254.5,251.5,254.0,20908.575
129,2019-07-19,259.5,261.0,259.0,259.0,59879.798
130,2019-07-22,263.0,264.0,262.0,264.0,31863.639
131,2019-07-23,265.5,266.5,262.5,264.0,29273.223
132,2019-07-24,266.5,266.5,263.0,265.0,24511.039
133,2019-07-25,264.0,265.0,261.5,265.0,30698.545
134,2019-07-26,261.0,262.5,261.0,261.0,20768.071
135,2019-07-29,260.0,262.0,259.5,261.0,18473.32
136,2019-07-30,262.5,263.0,260.0,260.0,22895.612
137,2019-07-31,260.0,260.0,257.0,259.5,36365.601
138,2019-08-01,257.5,257.5,255.5,256.5,30107.526
139,2019-08-02,252.0,253.5,250.5,251.5,54165.644
140,2019-08-05,251.0,252.0,245.5,246.5,52835.721
141,2019-08-06,240.0,250.0,240.0,248.5,58916.879
142,2019-08-07,250.0,250.5,246.5,248.0,29435.46
143,2019-08-08,248.0,254.0,248.0,253.5,30140.266
144,2019-08-12,254.5,254.5,251.0,251.0,24732.603
145,2019-08-13,249.0,249.5,246.5,246.5,25045.107
146,2019-08-14,252.5,254.0,249.5,249.5,36336.703
147,2019-08-15,247.0,248.5,246.0,248.0,28277.412
148,2019-08-16,249.5,252.0,248.0,250.0,25696.715
149,2019-08-19,251.5,253.0,250.5,252.0,25098.514
150,2019-08-20,254.0,254.5,252.5,254.5,20620.494
151,2019-08-21,254.5,255.0,253.0,254.5,20269.296
152,2019-08-22,257.0,257.5,254.0,254.0,22136.84
153,2019-08-23,253.5,254.5,253.0,254.0,14772.877
154,2019-08-26,249.0,250.5,248.5,248.5,31740.62
155,2019-08-27,250.5,251.0,248.5,250.0,53664.951
156,2019-08-28,250.5,253.0,250.5,252.0,15280.882
157,2019-08-29,253.0,254.0,251.0,254.0,20085.767
158,2019-08-30,256.5,259.0,256.0,259.0,35299.201
159,2019-09-02,258.0,258.0,256.0,257.5,14776.854
160,2019-09-03,256.5,258.0,253.0,254.0,26086.495
161,2019-09-04,254.0,258.0,254.0,257.5,23697.733
162,2019-09-05,263.0,263.0,260.5,263.0,49041.728
163,2019-09-06,265.0,265.0,263.0,263.5,26609.515
164,2019-09-09,265.5,266.0,263.5,265.0,17317.833
165,2019-09-10,263.5,264.0,260.5,261.5,30019.866
166,2019-09-11,264.0,264.5,260.5,263.0,36266.015
167,2019-09-12,265.0,265.0,261.5,262.5,38792.293
168,2019-09-16,262.0,265.5,261.5,265.5,38913.966
169,2019-09-17,266.5,266.5,264.5,265.0,30069.844
170,2019-09-18,267.0,269.5,266.5,267.0,51360.759
171,2019-09-19,268.0,268.0,264.0,265.0,27165.567
172,2019-09-20,266.0,266.5,264.0,264.0,44555.865
173,2019-09-23,264.0,264.0,263.0,264.0,14220.208
174,2019-09-24,263.5,265.5,262.0,265.0,24304.943
175,2019-09-25,262.5,266.0,262.0,266.0,23244.163
176,2019-09-26,269.0,269.5,266.5,268.0,34128.103
177,2019-09-27,271.5,272.5,271.0,272.0,44242.817
178,2019-10-01,273.0,280.5,273.0,280.0,75248.89
179,2019-10-02,280.0,281.0,279.0,279.5,30572.953
180,2019-10-03,274.0,277.5,274.0,276.5,35874.864
181,2019-10-04,279.5,280.0,275.0,276.5,35814.613
182,2019-10-07,279.0,279.5,277.5,278.0,17750.23
183,2019-10-08,283.5,286.5,282.5,286.5,39868.551
184,2019-10-09,283.5,286.0,282.0,282.0,34895.456
185,2019-10-14,291.5,291.5,288.5,290.0,53403.517
186,2019-10-15,293.5,296.0,292.0,293.5,54754.83
187,2019-10-16,298.0,298.0,293.5,296.5,42917.144
188,2019-10-17,295.0,295.5,292.0,293.5,41920.938
189,2019-10-18,293.0,295.5,291.0,293.0,45460.984
190,2019-10-21,291.0,291.0,288.5,290.0,35860.365
191,2019-10-22,292.5,294.0,291.5,294.0,26525.02
192,2019-10-23,293.5,293.5,290.5,293.0,30382.408
193,2019-10-24,294.5,294.5,291.0,293.0,29040.827
194,2019-10-25,294.5,294.5,292.5,293.5,25082.711
195,2019-10-28,295.0,295.5,294.0,294.5,20216.561
196,2019-10-29,297.0,298.5,296.5,298.5,37130.131
197,2019-10-30,298.5,299.5,296.5,299.5,32370.342
198,2019-10-31,300.0,301.5,298.5,298.5,43123.514
199,2019-11-01,299.5,299.5,296.5,299.0,30216.678
200,2019-11-04,302.5,308.0,301.0,307.0,45155.671
201,2019-11-05,307.5,310.5,307.0,310.5,32253.184
202,2019-11-06,309.0,311.5,308.0,311.0,22149.743
203,2019-11-07,310.0,310.0,306.5,309.0,28453.659
204,2019-11-08,308.5,309.0,305.5,305.5,26230.542
205,2019-11-11,305.0,305.0,300.0,301.0,35285.583
206,2019-11-12,302.5,305.0,302.0,305.0,19016.708
207,2019-11-13,303.0,304.0,301.5,304.0,18422.438
208,2019-11-14,304.5,305.0,302.0,303.5,15734.835
209,2019-11-15,305.5,307.5,304.5,307.0,29038.445
210,2019-11-18,308.5,311.0,307.0,311.0,18741.325
211,2019-11-19,312.5,315.0,311.0,315.0,33096.197
212,2019-11-20,314.0,314.0,312.0,313.5,24538.973
213,2019-11-21,309.5,311.0,307.0,311.0,30163.833
214,2019-11-22,310.0,310.5,308.0,309.0,26492.984
215,2019-11-25,310.5,310.5,307.0,307.0,19855.177
216,2019-11-26,310.0,310.5,307.0,307.0,101916.622
217,2019-11-27,307.5,311.5,307.5,311.0,18527.648
218,2019-11-28,310.0,312.0,308.5,309.5,19718.982
219,2019-11-29,309.0,309.5,305.0,305.0,32423.561
220,2019-12-02,307.0,308.0,306.5,307.5,25516.807
221,2019-12-03,305.0,307.0,305.0,307.0,27686.319
222,2019-12-04,305.0,306.0,304.0,306.0,34911.686
223,2019-12-05,309.0,312.0,309.0,312.0,39349.842
224,2019-12-06,315.0,316.0,311.0,313.0,18402.703
225,2019-12-09,314.0,316.5,314.0,316.0,23556.081
226,2019-12-10,315.0,315.5,312.5,313.5,20847.594
227,2019-12-11,314.0,319.0,313.0,319.0,34329.148
228,2019-12-12,325.0,334.5,324.0,331.5,52801.851
229,2019-12-13,340.0,343.0,338.0,339.0,60843.939
230,2019-12-16,336.5,338.5,336.0,336.0,48340.188
231,2019-12-17,335.0,345.0,335.0,345.0,41428.458
232,2019-12-18,341.5,345.0,341.5,344.5,42486.841
233,2019-12-19,340.0,342.0,335.0,335.0,55667.012
234,2019-12-20,332.0,333.0,328.5,329.0,86280.459
235,2019-12-23,329.5,334.0,329.5,334.0,26911.34
236,2019-12-24,334.0,334.5,332.0,332.0,13783.907
237,2019-12-25,332.0,334.5,331.0,333.0,12262.954
238,2019-12-26,333.0,334.0,331.5,333.0,11427.884
239,2019-12-27,335.0,338.0,335.0,338.0,16677.806
240,2019-12-30,338.0,339.0,334.0,334.5,21591.263
241,2019-12-31,331.0,333.5,331.0,331.0,22950.517
